Student ID,English,Mathematics,Science,Social Studies,Logical Reasoning,Computer Awareness
1,88,91,95,78,91,82
2,90,87,77,84,85,81
3,83,75,88,94,79,75
4,85,84,80,91,92,90
5,75,91,85,89,75,76
6,93,76,84,84,92,95
7,81,88,92,83,81,83
8,83,92,81,82,94,79
9,90,79,78,90,88,88
10,91,90,91,86,83,83
11,84,85,93,90,76,82
12,75,80,87,94,91,87
13,79,79,78,79,93,84
14,82,89,83,85,85,77
15,86,77,82,95,94,84
16,94,92,89,82,78,78
17,89,93,88,76,79,82
18,84,87,94,91,75,81
19,86,83,81,93,86,79
20,78,82,91,95,83,83
21,79,93,93,91,95,88
22,83,86,88,90,77,90
23,81,94,78,79,82,75
24,87,95,94,90,82,86
25,84,78,93,77,87,79
26,82,87,90,87,94,75
27,77,89,77,76,89,92
28,94,82,90,90,89,90
29,94,95,88,75,76,92
30,76,81,80,84,76,77
31,82,77,82,86,95,90
32,77,80,85,87,95,75
33,87,81,84,90,75,85
34,75,84,94,79,80,89
35,84,95,91,77,89,84
36,84,82,77,76,86,77
37,90,76,83,95,89,86
38,77,77,83,75,80,79
39,75,83,92,78,95,76
40,77,79,86,90,81,90
41,84,75,90,94,81,86
42,86,85,84,83,82,79
43,87,95,82,89,90,75
44,95,90,93,95,77,82
45,80,81,83,93,75,75
46,94,87,85,87,79,79
47,75,87,84,86,85,75
48,87,90,86,91,91,77
49,90,78,91,89,88,81
50,89,82,82,84,91,76
51,95,78,82,91,90,87
52,92,81,92,93,76,79
53,86,93,93,90,95,90
54,86,94,82,92,94,88
55,94,86,87,78,79,94
56,94,79,94,79,81,81
57,92,90,80,85,92,92
58,75,78,92,79,94,84
59,86,82,83,95,87,84
60,84,83,91,85,90,81
61,88,83,88,77,84,88
62,95,95,80,76,82,81
63,80,82,85,82,77,88
64,93,78,91,90,88,94
65,85,87,89,94,95,91
66,76,83,83,87,92,78
67,89,89,75,80,80,81
68,94,82,77,84,76,79
69,80,95,90,87,91,94
70,76,76,80,87,79,77
71,85,79,91,85,87,79
72,76,87,88,83,82,87
73,91,88,89,89,76,87
74,78,77,81,75,83,81
75,77,86,88,87,86,75
76,89,77,85,76,79,82
77,80,85,91,80,75,85
78,82,92,81,93,75,89
79,87,78,80,93,85,88
80,81,95,86,90,92,83
81,85,91,90,95,79,94
82,84,86,85,84,86,78
83,88,92,86,81,93,75
84,88,85,94,83,77,90
85,91,82,93,93,86,84
86,84,76,93,81,88,77
87,88,85,92,86,91,88
88,81,93,88,89,84,86
89,95,85,79,87,85,87
90,77,75,95,85,89,91
91,95,94,89,93,91,76
92,84,85,88,85,84,93
93,86,81,84,91,95,87
94,80,86,93,82,75,86
95,77,85,92,84,80,76
96,75,81,86,90,95,86
97,78,76,88,90,86,75
98,86,88,95,90,76,91
99,95,79,87,86,89,79
100,86,89,95,82,88,77
101,77,95,91,91,82,84
102,83,84,84,76,93,88
103,82,81,81,90,85,81
104,76,94,92,81,88,93
105,88,78,88,91,77,75
106,91,88,95,81,86,94
107,84,80,76,81,78,77
108,87,92,75,89,92,77
109,84,84,85,92,81,82
110,95,91,93,94,87,88
111,81,87,76,81,89,82
112,95,84,77,77,88,78
113,88,94,76,80,85,92
114,94,83,86,90,82,91
115,93,86,90,81,87,84
116,91,87,89,94,92,78
117,92,86,85,92,88,81
118,80,87,94,88,77,84
119,77,95,76,94,94,86
120,92,77,80,81,91,94
121,76,84,85,79,83,77
122,75,83,84,88,78,91
123,91,85,92,78,85,93
124,90,86,85,86,92,79
125,77,84,94,91,95,90
126,82,85,83,95,79,80
127,84,93,76,93,90,93
128,89,77,80,87,93,83
129,79,84,91,88,87,86
130,81,92,94,95,81,83
131,82,76,82,76,85,84
132,95,87,83,78,76,81
133,83,88,83,95,78,80
134,88,92,89,78,88,92
135,90,93,88,84,91,90
136,82,80,93,95,88,79
137,88,82,86,91,85,90
138,85,83,75,82,85,78
139,82,76,89,84,94,95
140,77,89,80,90,87,83
141,94,84,84,78,82,91
142,87,86,80,95,78,86
143,76,76,91,76,89,88
144,88,88,78,78,91,95
145,75,88,76,93,80,87
146,77,77,87,80,80,77
147,95,95,93,83,86,83
148,87,75,82,94,75,88
149,80,86,76,82,81,88
150,84,93,75,90,85,86
151,90,78,75,75,80,79
152,91,79,79,79,95,77
153,87,80,77,92,85,81
154,91,85,91,92,95,81
155,80,78,88,80,86,84
156,89,93,94,95,86,79
157,90,88,79,92,92,75
158,90,76,77,95,86,87
159,80,83,86,94,75,94
160,93,85,87,88,90,81
161,76,94,82,94,88,90
162,78,91,81,83,89,79
163,90,89,75,82,91,83
164,86,94,88,89,82,89
165,81,77,78,82,75,92
166,82,77,75,94,89,80
167,88,93,92,88,84,93
168,93,93,93,94,76,89
169,87,80,95,84,78,86
170,81,86,76,87,80,87
171,86,80,82,90,75,93
172,87,85,80,79,84,75
173,81,78,81,80,90,89
174,95,93,79,86,95,92
175,83,79,82,95,76,83
176,76,76,87,91,88,85
177,93,84,75,85,87,76
178,94,81,79,79,85,76
179,85,77,79,85,78,91
180,89,79,80,79,89,95
181,79,91,84,92,90,87
182,86,88,89,80,91,88
183,85,75,82,93,78,79
184,81,86,85,77,82,93
185,79,80,82,94,88,80
186,86,90,91,86,81,81
187,90,80,92,78,82,80
188,80,80,87,85,89,81
189,83,86,77,87,75,78
190,82,91,81,89,95,87
191,92,94,79,81,89,93
192,92,90,84,77,78,79
193,80,77,88,91,86,79
194,94,85,85,87,75,86
195,82,85,93,80,84,92
196,90,95,91,84,81,79
197,89,87,75,84,89,86
198,95,82,86,94,91,85
199,78,85,87,83,75,95
200,94,78,92,88,84,87
201,76,93,90,90,83,87
202,93,77,75,80,90,82
203,86,85,77,84,79,95
204,78,92,95,90,85,90
205,81,95,83,85,90,79
206,75,76,84,94,80,86
207,92,89,81,88,77,91
208,88,85,85,83,88,89
209,95,84,87,85,91,75
210,88,89,94,79,86,95
211,84,84,91,95,78,95
212,77,84,87,95,87,76
213,82,87,75,92,77,85
214,93,84,81,83,79,94
215,79,89,78,87,75,91
216,90,77,83,78,83,90
217,87,89,83,76,90,81
218,84,79,91,77,85,82
219,87,93,83,82,87,95
220,75,95,83,95,94,79
221,90,91,87,80,87,76
222,91,93,89,83,85,83
223,94,85,95,81,92,87
224,84,78,87,90,81,83
225,85,85,81,81,92,93
226,87,82,78,95,79,81
227,77,82,87,90,91,91
228,90,80,77,81,91,90
229,75,77,90,86,91,87
230,88,84,85,83,75,95
231,88,87,76,86,85,81
232,83,77,93,79,80,85
233,81,83,92,86,93,93
234,87,84,78,87,92,81
235,91,84,90,95,83,80
236,76,87,90,84,90,87
237,95,90,90,94,92,94
238,75,79,90,95,81,79
239,94,95,92,93,87,93
240,84,84,88,95,87,93
241,89,93,85,78,79,77
242,80,77,90,82,90,82
243,81,79,91,88,76,89
244,75,91,84,90,86,85
245,77,95,79,88,76,84
246,81,77,77,89,77,86
247,81,85,76,93,87,82
248,93,77,91,86,95,92
249,87,81,77,81,94,83
250,82,93,81,91,79,91
251,89,91,86,88,88,90
252,79,80,94,89,95,75
253,80,93,88,88,82,90
254,76,75,79,90,86,91
255,93,92,88,93,75,82
256,88,85,84,84,92,87
257,83,88,94,82,86,78
258,89,88,80,84,76,81
259,82,83,85,80,85,78
260,79,91,87,95,75,77
261,86,77,80,87,76,95
262,84,89,94,88,84,94
263,88,88,83,79,79,92
264,92,95,95,85,88,87
265,84,90,81,88,82,76
266,92,88,95,77,85,94
267,79,75,86,85,78,77
268,90,83,93,84,90,86
269,93,79,84,88,78,91
270,77,83,76,77,94,89
271,85,93,89,82,91,76
272,85,75,88,94,87,92
273,88,94,88,87,86,95
274,78,94,75,76,87,92
275,85,86,89,88,81,92
276,77,94,90,90,86,77
277,90,79,81,92,95,80
278,80,88,82,95,76,90
279,81,95,80,88,82,92
280,95,76,75,84,82,79
281,81,75,78,75,93,89
282,87,84,78,83,95,75
283,88,95,89,94,82,88
284,89,77,95,83,80,78
285,95,95,93,92,86,75
286,86,80,79,76,95,80
287,83,80,93,86,88,95
288,85,80,88,79,90,79
289,80,76,89,92,77,87
290,90,85,86,75,77,91
291,86,85,87,87,77,93
292,82,89,75,91,82,92
293,80,94,89,95,78,92
294,85,92,80,89,94,76
295,77,78,82,89,86,89
296,90,83,90,77,95,92
297,85,86,76,83,76,94
298,75,88,90,91,84,91
299,86,80,93,90,77,94
300,91,82,90,76,81,82
301,86,87,80,95,89,83
302,82,77,86,86,86,78
303,87,78,92,87,95,78
304,89,77,80,92,79,86
305,87,93,79,89,93,79
306,86,91,82,78,82,77
307,82,82,81,91,87,84
308,77,75,84,81,78,81
309,92,83,75,92,95,92
310,89,80,79,89,89,93
311,85,92,76,93,80,93
312,83,94,87,88,80,76
313,88,75,91,79,83,79
314,78,76,85,75,85,75
315,76,93,75,94,88,75
316,78,89,90,84,76,94
317,85,88,82,75,93,80
318,77,91,87,92,85,84
319,89,80,86,78,79,90
320,76,88,87,94,75,81
321,85,89,82,82,85,86
322,83,94,87,85,94,93
323,79,93,78,84,75,91
324,85,85,88,92,89,80
325,85,92,76,88,80,95
326,78,91,95,94,75,95
327,91,89,77,85,76,86
328,80,90,95,75,84,88
329,82,93,90,90,90,77
330,82,84,93,92,88,94
331,94,76,76,79,92,83
332,90,78,82,94,78,87
333,75,78,91,90,89,82
334,91,92,91,84,87,84
335,78,84,93,75,95,81
336,77,77,88,85,86,75
337,93,81,94,77,87,84
338,93,77,84,93,83,81
339,85,84,90,85,87,94
340,77,90,77,77,75,87
341,85,91,79,86,87,91
342,90,84,82,92,92,77
343,81,76,76,85,75,90
344,76,88,89,82,87,80
345,82,82,89,79,76,86
346,87,94,77,92,79,86
347,94,80,91,84,81,85
348,90,83,75,94,95,94
349,81,95,87,94,82,91
350,92,86,92,90,88,77
351,80,94,79,82,76,85
352,93,94,92,94,86,93
353,84,86,81,90,84,82
354,94,76,95,85,78,85
355,92,77,88,81,79,81
356,76,82,84,94,86,83
357,92,82,85,92,86,89
358,76,88,76,86,86,84
359,88,82,86,83,85,86
360,90,78,88,90,84,78
361,85,84,89,75,82,87
362,78,76,91,91,78,82
363,84,76,94,81,79,94
364,88,80,79,78,94,88
365,94,80,75,84,75,79
366,86,80,92,93,75,83
367,75,77,81,88,77,93
368,82,91,76,77,88,82
369,92,77,79,90,81,76
370,75,78,80,93,95,82
371,91,82,88,91,90,92
372,81,95,81,80,82,83
373,79,86,89,76,92,78
374,91,75,79,82,93,75
375,95,93,92,94,85,82
376,85,83,87,77,93,93
377,77,75,87,90,79,91
378,81,82,83,92,76,86
379,81,92,92,75,91,84
380,86,76,83,93,91,88
381,94,92,84,86,84,93
382,81,79,77,87,82,91
383,85,89,90,80,82,84
384,82,81,82,82,94,76
385,77,77,78,78,76,95
386,78,90,75,88,75,75
387,88,87,82,93,77,82
388,77,82,80,76,75,92
389,94,88,90,79,94,93
390,95,90,81,88,90,75
391,78,81,85,79,78,89
392,75,80,83,78,93,86
393,90,95,87,81,75,88
394,87,78,94,76,83,95
395,86,86,87,91,78,76
396,94,95,91,87,95,90
397,79,77,87,88,94,89
398,75,75,81,78,95,76
399,91,75,78,95,91,81
400,95,93,83,87,82,89
401,91,86,84,92,92,88
402,84,95,82,82,81,78
403,79,75,84,89,88,81
404,81,84,82,94,82,80
405,91,88,92,94,84,92
406,81,92,83,76,76,90
407,93,89,92,92,80,75
408,86,77,88,88,95,75
409,76,79,75,91,82,90
410,84,83,91,86,83,79
411,87,77,85,86,79,75
412,92,77,92,78,94,86
413,89,78,95,77,84,81
414,81,94,77,94,93,86
415,87,76,77,91,75,94
416,89,75,84,75,93,92
417,77,92,85,80,94,93
418,84,89,80,75,82,80
419,82,77,94,89,91,94
420,81,77,95,84,80,82
421,76,79,86,83,81,76
422,95,87,89,90,84,82
423,90,78,81,81,82,91
424,91,83,92,87,76,82
425,80,89,80,80,86,79
426,79,87,91,80,88,78
427,91,91,85,88,79,91
428,90,93,85,81,94,84
429,80,83,82,83,84,80
430,94,81,94,75,95,93
431,87,86,85,87,75,83
432,76,88,84,79,77,77
433,77,82,77,84,76,94
434,93,87,89,75,91,79
435,94,91,93,91,90,91
436,93,91,92,78,90,81
437,90,91,84,77,91,78
438,86,90,93,88,77,89
439,77,79,83,83,89,90
440,80,93,86,92,82,94
441,90,92,80,80,90,78
442,95,89,84,84,91,77
443,83,77,88,89,91,79
444,82,91,77,78,92,86
445,95,81,88,91,90,80
446,84,84,82,85,82,91
447,92,90,89,76,88,76
448,82,93,86,79,94,87
449,89,87,87,93,77,94
450,91,94,78,79,81,94
451,88,90,79,78,87,86
452,80,88,84,78,75,92
453,94,75,76,93,76,80
454,91,79,79,89,76,88
455,82,79,91,75,88,87
456,91,75,78,92,84,92
457,81,93,86,91,83,78
458,77,77,94,81,94,77
459,75,88,82,77,87,76
460,84,78,80,80,91,90
461,88,86,94,78,91,77
462,88,84,89,86,80,95
463,78,83,75,81,93,76
464,89,94,77,78,75,89
465,92,76,75,79,80,79
466,91,83,79,75,76,76
467,92,88,76,84,90,78
468,83,83,86,75,86,85
469,77,80,79,93,89,81
470,86,90,84,94,94,77
471,78,92,95,79,75,88
472,78,82,76,75,83,86
473,86,78,87,95,92,77
474,86,94,83,80,78,78
475,83,84,79,92,76,93
476,79,92,80,78,80,88
477,79,78,84,79,78,90
478,77,76,94,81,92,82
479,89,79,82,76,92,82
480,77,79,85,93,76,92
481,89,94,79,79,77,84
482,82,90,75,79,87,86
483,76,95,75,91,92,86
484,81,95,93,84,94,88
485,77,88,80,84,81,77
486,86,93,86,81,85,92
487,95,83,87,85,89,83
488,92,93,88,77,95,94
489,87,79,84,87,77,76
490,82,78,75,91,87,76
491,94,83,95,87,91,77
492,76,92,80,89,86,81
493,87,83,75,95,95,85
494,78,85,80,84,90,78
495,94,90,95,77,82,91
496,81,77,80,93,91,83
497,85,79,93,95,86,90
498,79,87,76,88,85,75
499,84,95,77,79,89,89
500,89,77,80,77,92,78
501,87,91,90,81,85,80
502,92,88,89,92,83,78
503,92,89,76,79,82,80
504,85,84,87,93,89,92
505,91,94,81,80,87,80
506,90,90,87,80,76,90
507,75,85,93,89,94,91
508,94,95,86,83,91,84
509,93,89,77,88,90,76
510,93,79,82,92,83,79
511,84,79,78,83,90,76
512,76,89,95,86,76,92
513,91,80,91,92,78,93
514,84,84,92,92,84,84
515,86,83,91,83,85,81
516,84,78,82,80,80,81
517,78,91,93,89,92,95
518,91,76,83,75,86,75
519,76,93,83,86,75,87
520,93,94,84,83,93,80
521,79,93,83,78,92,83
522,92,87,94,95,91,84
523,89,87,77,82,75,84
524,83,94,84,81,87,89
525,89,81,79,80,80,91
526,83,78,77,90,87,75
527,90,80,87,86,77,94
528,84,78,75,80,92,79
529,77,75,80,93,94,95
530,84,83,86,75,83,93
531,84,88,91,86,78,89
532,81,87,92,86,87,81
533,95,82,95,76,77,76
534,87,91,95,75,91,76
535,87,91,86,78,76,89
536,75,85,76,79,86,87
537,91,94,93,80,91,95
538,75,80,77,89,87,80
539,76,81,92,84,82,89
540,77,81,94,78,93,81
541,92,82,89,89,90,86
542,94,84,75,85,95,95
543,82,86,75,92,93,83
544,76,88,85,75,89,80
545,75,84,88,78,91,82
546,79,78,95,79,75,86
547,75,92,93,95,83,77
548,90,79,87,83,85,83
549,77,92,90,81,85,83
550,81,91,88,86,88,83
551,82,75,94,79,87,78
552,82,76,87,95,95,89
553,91,85,82,81,95,78
554,88,86,81,84,90,94
555,91,82,77,95,81,84
556,82,76,82,85,94,93
557,95,75,86,90,92,76
558,75,84,88,77,87,88
559,76,95,81,77,92,86
560,84,80,87,90,81,76
561,79,80,77,78,79,95
562,84,75,87,83,83,82
563,75,79,94,93,77,83
564,76,88,75,82,81,90
565,80,75,75,87,87,78
566,87,87,84,92,89,85
567,89,76,87,94,81,79
568,85,79,78,85,83,78
569,95,83,91,77,76,85
570,80,76,81,80,75,91
571,79,80,83,91,91,75
572,75,93,95,86,80,77
573,76,91,82,93,93,77
574,94,86,85,80,84,78
575,77,93,89,88,95,77
576,91,87,81,78,94,87
577,88,90,80,81,94,82
578,86,89,87,88,80,90
579,83,93,88,77,85,87
580,95,77,83,89,84,90
581,84,81,80,75,94,80
582,89,75,84,93,92,88
583,86,79,81,79,83,87
584,88,90,91,77,92,94
585,85,90,77,90,88,93
586,85,93,83,87,95,90
587,94,91,88,75,83,87
588,84,78,88,80,79,91
589,75,87,77,93,82,88
590,81,85,78,80,91,89
591,78,78,76,82,79,91
592,78,89,91,93,80,85
593,84,89,84,75,87,84
594,75,77,80,76,81,78
595,85,75,84,76,78,79
596,91,93,84,84,93,91
597,91,90,81,91,89,91
598,85,88,77,88,76,77
599,95,83,91,78,75,76
600,77,75,89,90,83,82
601,87,90,91,85,91,87
602,77,88,84,81,77,80
603,75,81,77,93,79,78
604,94,76,86,85,88,77
605,85,80,89,82,91,76
606,93,78,91,82,83,90
607,76,88,95,75,91,91
608,83,83,89,78,78,76
609,90,84,90,83,89,77
610,91,93,87,91,88,91
611,95,95,83,94,94,94
612,90,78,76,85,89,89
613,82,83,80,84,83,76
614,82,88,84,78,83,78
615,87,75,88,92,84,89
616,87,87,91,84,80,86
617,81,94,82,83,91,78
618,84,80,93,90,79,93
619,79,89,88,94,86,86
620,86,89,84,79,84,78
621,91,86,92,80,81,87
622,75,91,85,89,90,84
623,82,93,76,92,81,90
624,89,90,81,85,85,91
625,90,77,76,86,88,75
626,76,87,80,83,85,93
627,90,92,76,89,80,95
628,88,94,75,79,82,88
629,83,81,83,86,85,91
630,93,75,75,80,84,93
631,83,89,76,80,75,78
632,93,84,95,90,92,85
633,94,83,77,92,95,84
634,81,76,85,84,82,90
635,79,84,80,80,78,88
636,90,75,91,92,92,83
637,92,76,80,82,82,78
638,85,84,87,88,77,92
639,92,89,94,82,95,77
640,76,81,81,82,80,76
641,88,95,79,95,80,81
642,79,88,88,86,77,95
643,89,93,92,75,93,92
644,95,86,77,92,94,84
645,80,78,95,89,82,75
646,92,78,91,76,91,86
647,81,83,81,95,93,75
648,94,90,83,87,93,82
649,87,86,80,84,91,95
650,88,90,81,84,85,82
651,87,88,82,89,85,82
652,91,78,86,77,87,85
653,79,82,79,89,76,89
654,93,83,76,91,81,91
655,93,86,80,75,87,75
656,93,90,83,79,92,80
657,87,78,93,84,92,87
658,80,83,90,90,95,95
659,83,78,88,75,78,78
660,86,75,79,89,92,80
661,78,88,82,89,94,94
662,75,82,89,80,84,79
663,89,78,92,88,90,81
664,93,75,76,82,75,90
665,79,91,83,85,82,94
666,78,93,95,87,75,85
667,76,91,93,82,79,79
668,95,77,85,89,94,94
669,80,95,80,86,82,83
670,85,87,82,82,88,81
671,90,82,87,86,90,92
672,91,90,80,89,90,93
673,84,77,79,85,95,83
674,88,79,94,90,89,80
675,84,84,95,86,86,88
676,88,91,93,75,91,91
677,78,78,86,80,92,76
678,95,93,82,87,86,91
679,85,82,79,80,80,84
680,80,80,89,85,83,85
681,91,89,78,94,87,83
682,94,78,80,77,75,92
683,94,93,85,83,81,77
684,91,82,92,76,75,94
685,87,87,87,94,78,93
686,87,88,83,79,90,81
687,86,92,80,84,90,95
688,92,90,83,84,89,94
689,94,80,82,86,75,87
690,79,89,76,84,94,89
691,92,81,92,78,81,92
692,91,81,89,79,85,85
693,80,85,94,91,87,91
694,84,84,92,88,86,84
695,81,87,79,77,81,94
696,83,95,95,77,83,85
697,93,89,93,88,81,85
698,88,75,90,87,79,78
699,79,88,87,89,91,82
700,82,79,76,94,78,84
701,78,76,78,83,90,87
702,94,77,87,91,82,89
703,76,79,77,81,86,90
704,83,93,93,89,82,83
705,79,81,82,94,94,77
706,87,86,78,87,91,88
707,81,81,88,89,79,92
708,79,94,79,95,75,93
709,85,93,89,82,75,86
710,83,79,87,87,83,93
711,76,84,94,86,84,75
712,78,84,78,87,76,80
713,86,88,79,88,83,82
714,83,90,78,79,93,87
715,78,77,88,87,77,92
716,88,95,90,82,86,91
717,94,79,94,83,82,78
718,91,93,94,80,77,88
719,81,75,78,82,89,77
720,85,90,86,78,92,87
721,77,92,82,92,75,88
722,85,91,95,79,91,92
723,83,75,86,79,95,89
724,90,89,75,76,89,78
725,89,82,89,89,92,87
726,87,87,80,84,82,89
727,81,88,90,89,94,88
728,85,88,84,85,82,93
729,82,89,95,77,92,91
730,89,77,80,84,94,93
731,82,95,88,81,77,92
732,81,77,81,88,86,77
733,90,91,75,90,85,90
734,88,75,95,76,95,78
735,88,91,87,83,95,79
736,77,84,78,87,81,75
737,80,91,89,87,82,82
738,88,94,88,88,81,92
739,81,82,88,75,92,92
740,89,75,90,89,76,81
741,83,76,86,80,80,81
742,83,89,93,89,86,80
743,82,75,80,81,77,85
744,81,75,78,93,77,85
745,91,92,82,84,78,81
746,75,76,83,79,75,90
747,75,76,88,75,77,93
748,93,80,90,90,77,79
749,80,88,81,82,76,88
750,81,95,94,91,94,89
751,88,81,93,94,80,84
752,83,93,80,80,75,92
753,78,77,84,82,78,85
754,88,77,76,89,92,80
755,91,91,76,82,78,91
756,85,81,87,79,82,83
757,80,77,80,90,91,93
758,84,91,75,84,93,94
759,76,84,82,79,89,83
760,92,85,79,95,86,91
761,85,76,76,86,90,95
762,92,89,87,80,81,95
763,84,87,88,85,91,91
764,86,91,94,94,76,75
765,78,94,80,76,93,94
766,94,77,84,77,95,92
767,79,90,93,95,76,90
768,88,83,88,92,78,85
769,86,90,94,77,95,75
770,80,88,95,90,86,81
771,75,92,80,88,80,87
772,85,79,75,93,87,83
773,81,89,93,86,82,94
774,93,87,75,94,88,91
775,87,94,83,78,87,76
776,83,94,89,84,79,93
777,82,94,86,77,84,87
778,91,82,91,94,88,75
779,84,75,75,79,94,90
780,87,92,75,87,80,88
781,94,85,87,78,75,85
782,80,86,82,81,94,77
783,90,77,80,85,86,75
784,93,88,79,86,76,94
785,93,91,93,78,76,83
786,87,77,81,95,84,81
787,92,75,89,89,88,86
788,79,95,86,89,85,89
789,82,75,77,77,93,92
790,88,85,84,91,90,82
791,78,75,95,75,78,93
792,89,92,92,83,93,85
793,86,89,80,78,84,85
794,87,91,80,76,91,90
795,88,95,80,77,91,87
796,77,78,90,80,86,91
797,86,86,80,78,90,76
798,89,85,81,91,83,88
799,93,95,91,92,93,85
800,82,86,90,82,84,87
801,88,77,85,86,91,93
802,95,84,92,84,76,91
803,93,77,79,80,91,90
804,76,94,78,87,83,83
805,77,78,94,91,88,92
806,87,81,85,94,95,93
807,83,83,93,79,81,93
808,81,83,95,86,84,80
809,76,84,92,95,79,94
810,81,92,85,80,91,84
811,87,85,83,93,80,81
812,76,88,79,85,94,88
813,94,78,94,93,81,93
814,77,89,86,75,77,87
815,78,86,75,87,94,89
816,92,95,83,94,92,79
817,85,90,75,82,95,83
818,76,89,76,84,93,90
819,82,94,78,90,78,86
820,94,89,85,86,84,87
821,87,89,76,87,95,83
822,86,77,93,75,82,84
823,76,84,81,81,95,94
824,84,82,75,84,92,86
825,88,95,92,85,83,81
826,77,88,84,84,88,94
827,79,84,88,90,91,81
828,79,93,81,93,89,92
829,79,84,87,76,87,91
830,87,79,90,76,81,90
831,76,84,84,77,81,92
832,81,83,93,95,93,85
833,77,94,81,78,79,89
834,78,78,79,88,85,94
835,91,84,92,86,83,84
836,89,92,92,80,87,82
837,95,85,80,93,81,76
838,91,78,89,95,91,75
839,77,84,76,85,79,81
840,85,94,80,92,79,76
841,75,86,81,80,89,90
842,91,93,82,89,78,80
843,77,93,89,82,81,89
844,83,89,82,83,79,83
845,83,95,82,85,75,80
846,79,80,85,81,80,83
847,76,94,80,77,76,83
848,79,75,75,92,84,89
849,75,82,78,78,87,88
850,88,89,82,92,80,82
851,92,92,79,76,85,75
852,77,93,92,90,83,94
853,95,92,78,93,93,87
854,87,94,81,78,75,79
855,92,79,86,75,80,93
856,93,88,93,87,77,87
857,81,88,86,83,76,82
858,80,95,79,88,79,75
859,80,91,90,85,81,90
860,90,85,92,88,94,94
861,81,77,92,75,79,81
862,76,82,90,89,88,94
863,92,89,78,89,82,86
864,81,89,84,76,87,76
865,93,75,94,84,75,90
866,87,87,84,90,79,91
867,84,87,85,75,90,90
868,87,95,77,75,85,85
869,77,77,76,77,79,92
870,82,77,90,88,94,92
871,87,92,78,87,77,80
872,82,85,83,89,93,85
873,86,82,81,83,80,94
874,80,88,87,90,92,83
875,88,88,91,84,94,91
876,87,95,88,81,89,77
877,89,84,94,85,92,77
878,82,89,86,85,82,83
879,80,86,85,94,94,76
880,77,94,85,87,92,80
881,89,75,76,84,76,94
882,83,93,87,93,85,85
883,81,80,76,80,90,77
884,78,82,92,91,76,92
885,86,94,81,82,90,76
886,85,75,95,85,88,83
887,93,77,78,90,77,77
888,88,91,90,89,90,83
889,91,93,78,87,95,94
890,95,85,86,87,82,93
891,75,81,90,93,86,87
892,88,77,85,85,75,95
893,78,94,87,78,79,87
894,83,87,90,89,87,77
895,76,93,87,84,83,75
896,94,94,92,82,92,82
897,82,76,79,88,91,86
898,84,82,79,85,86,95
899,83,81,89,89,78,86
900,77,90,80,76,95,81
901,79,93,86,80,90,82
902,86,90,85,87,92,77
903,94,87,91,86,91,89
904,90,95,90,82,77,92
905,90,91,94,81,78,82
906,90,77,85,86,93,76
907,79,84,90,95,90,85
908,76,77,82,79,94,76
909,88,95,84,86,86,92
910,78,87,89,85,77,81
911,75,77,92,90,76,95
912,94,90,87,78,84,93
913,80,82,84,81,88,95
914,94,94,86,93,93,87
915,81,91,86,77,88,84
916,95,88,92,80,91,90
917,94,81,83,80,91,81
918,78,92,91,83,86,76
919,89,85,82,82,76,86
920,95,76,93,92,78,83
921,95,87,75,81,79,82
922,85,81,76,82,81,81
923,81,95,77,95,90,83
924,83,83,75,81,82,89
925,95,91,95,86,80,79
926,81,84,86,85,83,85
927,76,78,88,93,78,87
928,89,79,95,90,91,90
929,90,79,76,80,76,79
930,75,90,79,87,92,88
931,83,80,95,76,90,77
932,75,89,89,95,76,75
933,91,82,88,94,94,86
934,94,84,94,85,82,86
935,75,79,76,86,77,80
936,86,82,82,82,93,95
937,87,95,84,82,78,88
938,92,77,80,84,83,91
939,93,91,78,83,77,78
940,89,84,75,82,81,77
941,87,79,92,88,92,92
942,94,94,83,89,94,77
943,80,93,81,87,84,80
944,85,88,83,91,77,85
945,90,80,92,83,77,94
946,94,81,85,94,78,82
947,77,94,79,80,80,94
948,91,95,77,75,80,93
949,95,87,84,78,80,78
950,81,85,75,79,76,83
951,86,82,85,93,94,94
952,93,84,94,81,87,76
953,88,84,92,89,75,83
954,81,82,84,76,91,88
955,84,80,82,92,95,82
956,82,95,94,91,81,88
957,93,86,92,80,77,94
958,81,78,92,95,93,83
959,82,77,83,94,90,83
960,82,88,94,88,92,75
961,75,93,92,88,95,77
962,82,78,87,91,77,89
963,82,76,91,79,94,89
964,77,92,88,78,77,75
965,89,92,82,82,89,90
966,93,83,75,90,76,84
967,90,95,82,82,93,76
968,84,82,87,95,83,83
969,80,88,87,81,81,84
970,77,86,77,95,95,76
971,85,93,89,79,87,77
972,91,76,92,93,79,88
973,87,92,87,75,93,92
974,89,77,82,90,78,80
975,95,77,82,78,89,91
976,92,85,87,94,78,88
977,83,76,86,86,84,82
978,83,81,86,90,76,91
979,82,77,86,76,90,89
980,85,85,76,75,77,90
981,86,78,82,75,91,75
982,89,87,78,87,76,77
983,87,82,85,75,75,87
984,82,88,80,90,92,87
985,78,87,85,87,87,90
986,83,93,93,89,83,78
987,88,93,75,91,91,89
988,82,84,87,89,93,83
989,93,78,76,81,89,90
990,75,91,80,93,79,94
991,85,94,75,95,88,90
992,84,94,83,88,79,82
993,87,92,91,89,91,77
994,75,88,88,81,90,81
995,90,75,75,94,90,82
996,88,92,83,95,83,82
997,85,87,91,85,94,82
998,95,94,85,95,87,89
999,79,75,76,82,95,91
1000,84,80,79,80,84,90
1001,94,93,77,90,91,95
1002,86,79,92,86,83,77
1003,90,89,88,89,87,95
1004,93,90,80,79,91,90
1005,80,90,95,88,90,87
1006,94,84,88,83,79,86
1007,82,80,91,75,88,77
1008,88,90,83,92,88,83
1009,95,88,86,88,81,88
1010,79,82,79,77,95,91
1011,76,86,83,76,90,80
1012,85,93,87,88,87,78
1013,93,84,93,76,94,88
1014,85,80,80,94,80,78
1015,91,90,94,82,80,85
1016,83,94,93,80,77,86
1017,76,92,81,88,85,76
1018,85,90,75,92,88,75
1019,75,89,78,90,76,76
1020,78,90,85,75,88,85
1021,82,80,88,84,91,76
1022,87,95,83,78,79,91
1023,85,80,81,83,84,79
1024,79,94,90,93,83,85
1025,84,85,83,90,87,83
1026,86,84,92,75,82,91
1027,80,78,81,77,75,77
1028,93,87,93,91,75,90
1029,95,83,95,85,94,76
1030,88,88,85,81,90,76
1031,95,75,89,87,91,85
1032,79,89,81,90,86,87
1033,84,95,84,78,83,88
1034,82,91,76,91,90,75
1035,81,80,92,87,84,83
1036,89,91,79,77,84,83
1037,82,75,90,93,78,88
1038,95,92,80,76,88,76
1039,90,95,76,89,83,76
1040,81,88,86,87,83,94
1041,77,78,90,95,78,80
1042,78,86,87,90,80,84
1043,92,79,88,92,84,95
1044,93,85,79,85,81,79
1045,83,91,77,91,86,86
1046,81,94,91,92,75,83
1047,88,80,89,86,76,91
1048,94,82,92,89,79,94
1049,94,89,83,89,94,90
1050,79,85,93,77,86,82
1051,75,89,94,85,78,90
1052,83,80,76,90,79,85
1053,89,93,94,80,95,95
1054,83,94,80,94,77,76
1055,83,83,88,88,89,81
1056,95,86,77,85,91,92
1057,84,81,75,90,78,90
1058,85,87,82,95,83,77
1059,84,80,89,75,79,75
1060,92,76,87,78,81,79
1061,80,89,87,90,92,94
1062,93,80,77,83,89,85
1063,85,95,93,77,82,82
1064,86,83,86,75,91,77
1065,78,78,81,82,89,92
1066,81,94,75,91,80,75
1067,95,78,90,90,84,84
1068,86,80,76,83,92,93
1069,91,89,95,82,81,95
1070,90,77,91,83,93,84
1071,79,90,89,95,86,85
1072,77,88,83,76,77,75
1073,82,89,77,92,76,87
1074,88,80,85,95,83,87
1075,95,89,78,82,89,77
1076,82,82,77,77,80,75
1077,80,92,83,95,80,75
1078,82,77,90,95,80,89
1079,79,88,93,77,77,90
1080,75,94,92,92,95,85
1081,82,81,87,88,80,75
1082,90,95,79,84,89,85
1083,94,76,84,94,78,81
1084,85,81,94,87,88,76
1085,85,77,95,75,78,89
1086,95,81,94,84,75,95
1087,95,87,92,92,84,91
1088,89,80,75,78,90,93
1089,80,75,79,90,91,77
1090,85,84,82,80,82,84
1091,92,78,82,78,79,92
1092,78,79,86,90,76,85
1093,92,89,93,82,76,84
1094,87,79,93,87,89,81
1095,94,80,95,92,90,75
1096,82,93,84,78,90,80
1097,88,79,80,81,78,83
1098,84,84,89,90,93,87
1099,78,86,95,89,93,94
1100,87,83,89,94,94,90
1101,92,82,76,81,81,75
1102,89,95,85,94,92,88
1103,80,86,93,92,78,87
1104,81,94,92,80,93,83
1105,83,95,91,84,84,81
1106,76,81,93,93,75,95
1107,94,81,92,79,95,81
1108,87,91,81,94,94,77
1109,84,80,87,85,78,93
1110,89,90,77,87,86,84
1111,78,92,84,84,79,89
1112,92,89,94,79,79,88
1113,83,94,80,77,93,81
1114,87,90,80,82,93,76
1115,84,85,82,79,87,92
1116,83,76,94,76,90,78
1117,76,80,92,76,85,94
1118,75,80,76,94,94,92
1119,83,79,82,85,81,86
1120,78,76,94,78,82,91
1121,82,93,77,81,80,77
1122,79,84,88,76,80,82
1123,93,88,85,88,85,89
1124,92,83,95,84,88,75
1125,93,83,84,76,95,85
1126,82,94,78,77,87,89
1127,83,75,95,83,90,75
1128,95,79,91,76,92,94
1129,91,93,95,86,77,78
1130,90,85,75,88,91,91
1131,79,84,81,90,94,78
1132,79,85,91,94,85,77
1133,75,86,85,86,91,78
1134,92,89,81,79,79,85
1135,95,95,83,75,79,77
1136,84,95,88,83,85,80
1137,94,90,91,76,91,90
1138,81,79,82,93,79,78
1139,79,87,75,87,87,92
1140,79,83,75,89,93,80
1141,75,88,91,76,80,76
1142,79,75,93,76,84,82
1143,94,88,82,83,77,93
1144,82,75,83,76,90,81
1145,89,91,93,75,86,78
1146,78,93,75,81,81,91
1147,95,89,94,81,86,92
1148,95,81,95,76,80,84
1149,83,77,82,79,82,75
1150,86,83,86,81,95,84
1151,79,89,81,86,94,80
1152,77,75,85,78,90,81
1153,90,89,76,82,87,90
1154,95,91,75,94,81,92
1155,79,83,89,80,91,92
1156,78,95,91,95,87,85
1157,92,87,83,94,90,78
1158,92,94,84,93,75,78
1159,80,90,82,78,91,86
1160,91,84,86,86,88,75
1161,79,95,92,83,80,89
1162,76,80,77,83,93,78
1163,84,95,82,81,88,86
1164,82,82,80,93,77,93
1165,82,82,79,89,75,76
1166,87,84,83,86,75,80
1167,75,88,84,80,78,76
1168,86,82,91,82,94,91
1169,91,93,91,94,76,80
1170,77,89,95,87,82,79
1171,87,92,89,80,88,93
1172,77,95,86,88,95,92
1173,81,94,91,84,76,77
1174,93,80,83,79,87,83
1175,88,80,76,84,95,87
1176,86,75,79,78,78,91
1177,80,76,81,81,87,81
1178,87,81,80,92,81,76
1179,78,93,93,83,80,92
1180,79,81,85,80,90,75
1181,76,88,75,75,80,85
1182,89,86,86,90,80,76
1183,85,82,93,89,78,77
1184,90,82,86,80,80,94
1185,86,79,84,84,75,82
1186,80,80,83,88,77,89
1187,85,85,92,75,94,84
1188,90,77,94,84,93,80
1189,77,78,75,86,87,78
1190,87,80,82,95,86,78
1191,93,85,95,87,92,93
1192,84,88,88,77,90,85
1193,86,76,94,86,88,80
1194,88,84,87,95,83,90
1195,92,79,78,95,83,82
1196,76,95,86,80,91,78
1197,86,91,94,89,82,76
1198,79,92,77,81,80,90
1199,92,79,81,94,77,87
1200,90,80,80,90,95,85
1201,78,94,81,76,79,91
1202,81,85,81,86,84,92
1203,88,83,80,86,81,90
1204,81,84,86,92,82,94
1205,75,88,95,92,92,90
1206,86,94,92,86,80,89
1207,90,86,95,85,81,94
1208,75,80,82,81,86,89
1209,84,91,91,85,85,76
1210,89,81,85,89,85,82
1211,76,88,90,77,78,95
1212,81,86,80,93,78,84
1213,95,75,92,89,83,75
1214,95,85,85,93,92,78
1215,91,78,77,93,88,78
1216,86,83,77,77,79,94
1217,94,87,91,76,87,93
1218,77,90,84,86,91,75
1219,76,95,95,84,85,92
1220,95,75,92,80,76,84
1221,77,86,84,91,79,87
1222,78,85,82,94,82,95
1223,94,79,81,85,91,90
1224,88,78,84,76,91,95
1225,82,79,80,84,81,81
1226,92,77,76,84,93,85
1227,76,91,82,76,83,76
1228,82,76,79,86,84,84
1229,82,93,77,91,85,83
1230,75,89,86,90,82,83
1231,93,80,87,90,78,83
1232,85,87,90,75,85,81
1233,76,77,86,75,89,87
1234,91,78,89,91,89,83
1235,94,76,83,84,86,80
1236,82,83,80,79,92,82
1237,94,94,81,86,86,80
1238,95,85,90,79,85,94
1239,87,80,81,83,76,91
1240,94,92,77,88,90,95
1241,86,92,82,78,76,93
1242,82,86,87,86,75,81
1243,95,92,76,80,86,75
1244,94,77,76,95,87,83
1245,80,80,89,80,82,81
1246,83,78,84,86,88,91
1247,85,84,94,77,88,81
1248,93,75,89,93,87,93
1249,95,92,79,75,93,85
1250,76,93,77,89,90,80
1251,76,78,76,78,82,94
1252,84,89,94,78,90,91
1253,75,93,85,86,86,83
1254,92,76,89,90,92,77
1255,95,83,88,91,91,80
1256,94,81,76,89,80,76
1257,91,76,81,75,89,75
1258,78,92,82,76,79,82
1259,79,94,91,87,90,95
1260,85,78,76,76,75,79
1261,82,83,78,83,82,89
1262,79,92,95,95,95,90
1263,81,83,79,81,87,77
1264,90,76,80,77,89,93
1265,85,79,76,89,81,93
1266,85,88,93,77,83,76
1267,86,76,91,86,86,93
1268,95,75,84,80,93,80
1269,85,75,78,75,81,87
1270,91,76,75,77,77,78
1271,80,78,76,77,95,78
1272,77,93,86,75,89,75
1273,84,95,91,92,85,91
1274,76,85,78,80,85,75
1275,86,80,84,82,92,86
1276,76,84,84,80,75,88
1277,77,93,82,77,79,89
1278,84,84,82,94,80,93
1279,83,89,91,90,77,88
1280,92,92,78,94,76,89
1281,77,84,86,80,85,75
1282,95,93,87,78,89,87
1283,76,94,90,94,85,78
1284,93,89,86,79,89,79
1285,89,81,86,94,94,76
1286,89,76,85,94,90,89
1287,84,76,93,79,95,85
1288,92,94,88,86,94,77
1289,86,80,81,84,79,90
1290,90,82,78,88,94,91
1291,88,83,85,91,79,94
1292,75,90,83,77,85,78
1293,86,92,78,85,79,78
1294,88,87,85,81,95,79
1295,87,91,84,93,77,81
1296,79,92,76,88,92,83
1297,88,85,78,86,85,93
1298,84,75,85,84,85,88
1299,89,79,84,93,90,95
1300,94,76,80,79,95,94
1301,93,82,95,80,77,95
1302,87,89,95,91,81,79
1303,92,87,75,80,78,91
1304,83,87,75,87,88,82
1305,75,90,87,89,90,88
1306,81,89,86,84,84,86
1307,86,84,75,92,94,94
1308,91,84,86,75,75,88
1309,77,86,79,89,82,93
1310,78,77,77,94,92,77
1311,86,90,75,88,79,78
1312,92,90,83,75,76,94
1313,84,76,89,86,85,78
1314,92,81,76,91,76,77
1315,76,82,80,84,82,89
1316,76,89,87,91,75,91
1317,92,90,90,79,84,82
1318,94,82,81,76,75,81
1319,83,76,75,95,90,87
1320,92,90,76,92,88,90
1321,92,95,81,84,79,84
1322,83,95,92,89,86,87
1323,82,86,95,79,90,92
1324,83,92,80,91,90,80
1325,78,77,76,81,83,83
1326,90,81,81,80,85,76
1327,84,95,92,86,79,90
1328,84,77,84,93,89,78
1329,94,92,92,84,86,80
1330,93,89,86,84,94,84
1331,83,82,79,90,79,92
1332,78,87,78,77,81,91
1333,75,85,77,87,77,79
1334,82,95,76,94,94,77
1335,85,77,87,76,87,87
1336,82,77,94,94,89,75
1337,94,76,85,84,80,91
1338,81,88,83,82,81,94
1339,95,91,75,78,91,95
1340,76,92,94,90,88,87
1341,89,79,76,92,77,85
1342,94,85,81,75,93,75
1343,92,89,82,85,77,88
1344,77,93,90,88,80,79
1345,77,85,79,81,91,78
1346,84,77,79,95,92,88
1347,88,83,83,77,88,77
1348,92,88,90,87,78,81
1349,85,91,75,75,76,93
1350,95,81,76,78,76,77
1351,90,84,85,84,87,81
1352,83,84,92,95,91,82
1353,77,88,80,83,87,77
1354,87,86,87,93,91,92
1355,82,86,94,85,89,86
1356,86,90,84,75,88,79
1357,89,79,88,94,90,82
1358,85,87,87,77,92,87
1359,81,86,90,76,86,77
1360,85,87,82,81,87,83
1361,83,87,87,82,77,76
1362,82,83,83,89,76,77
1363,75,75,78,87,76,88
1364,91,80,92,92,82,83
1365,94,91,82,95,91,90
1366,84,86,78,82,80,86
1367,84,86,77,81,78,83
1368,85,81,90,86,78,76
1369,88,91,88,76,87,76
1370,89,93,93,83,91,93
1371,91,92,85,80,81,87
1372,87,77,78,83,85,91
1373,91,75,90,81,83,75
1374,76,90,76,85,86,89
1375,95,92,83,79,94,82
1376,77,85,86,77,89,84
1377,87,80,86,92,82,82
1378,85,77,84,81,76,95
1379,94,93,95,90,80,89
1380,76,80,77,91,78,76
1381,77,78,88,92,88,86
1382,88,89,88,86,80,95
1383,89,80,88,89,82,82
1384,85,95,79,85,80,75
1385,95,90,88,81,84,82
1386,83,93,76,83,95,80
1387,75,79,84,80,80,90
1388,87,86,81,83,92,88
1389,90,89,87,89,77,92
1390,76,85,81,94,76,88
1391,91,93,84,77,87,78
1392,87,78,79,94,80,94
1393,77,92,80,82,93,93
1394,90,91,81,81,80,84
1395,82,86,80,76,78,86
1396,75,89,91,88,87,80
1397,77,85,93,94,90,84
1398,89,91,90,90,82,78
1399,85,78,79,80,88,89
1400,79,89,88,78,90,90
1401,88,83,75,84,92,83
1402,80,81,90,84,82,95
1403,88,79,90,81,88,80
1404,81,89,81,92,92,81
1405,93,78,75,83,81,85
1406,77,94,81,80,90,83
1407,90,79,92,81,83,84
1408,92,75,87,87,84,90
1409,91,75,76,89,90,95
1410,80,83,84,90,77,83
1411,85,88,84,94,85,91
1412,83,76,80,78,83,80
1413,86,87,80,78,81,80
1414,89,92,77,92,80,92
1415,79,95,88,89,82,87
1416,79,76,89,84,87,75
1417,84,82,92,95,83,95
1418,86,87,77,81,91,81
1419,83,76,93,78,92,92
1420,81,92,76,94,76,81
1421,79,82,91,76,86,80
1422,92,95,83,88,91,88
1423,90,90,83,84,90,83
1424,88,90,86,94,91,88
1425,88,84,84,83,89,79
1426,93,93,91,89,91,87
1427,90,79,86,77,83,95
1428,79,76,81,83,84,86
1429,95,86,82,80,83,81
1430,92,86,85,91,90,80
1431,76,79,79,83,85,75
1432,79,87,79,86,92,95
1433,76,85,77,75,81,85
1434,85,87,77,94,86,83
1435,78,86,85,83,94,80
1436,85,82,88,85,78,91
1437,81,85,86,76,89,82
1438,79,90,79,80,93,84
1439,79,84,89,91,88,88
1440,92,84,91,80,89,86
1441,88,87,93,81,83,95
1442,81,77,81,82,75,95
1443,91,80,81,79,77,80
1444,89,76,82,95,83,89
1445,90,95,88,82,88,93
1446,94,78,83,83,77,88
1447,84,91,88,89,91,89
1448,79,81,86,88,91,94
1449,77,89,83,88,93,81
1450,94,82,92,77,85,79
1451,94,89,82,77,87,86
1452,87,91,92,78,90,89
1453,90,91,80,85,77,81
1454,85,87,91,87,83,94
1455,85,79,76,93,77,78
1456,77,89,75,77,92,86
1457,80,86,81,79,80,92
1458,80,75,80,93,88,92
1459,83,81,78,86,80,89
1460,95,84,90,82,76,75
1461,89,89,94,85,88,86
1462,83,84,83,82,84,84
1463,94,87,87,91,75,82
1464,84,89,78,85,75,95
1465,83,84,87,88,80,88
1466,83,94,75,75,82,88
1467,76,91,94,91,87,90
1468,85,82,81,87,75,82
1469,95,87,82,90,84,92
1470,75,77,95,75,92,81
1471,75,79,91,85,87,88
1472,78,94,81,85,77,86
1473,91,81,84,75,77,84
1474,91,83,91,95,84,82
1475,95,88,93,80,81,91
1476,83,77,77,84,77,78
1477,80,94,80,88,83,91
1478,76,90,93,89,75,77
1479,86,83,83,87,82,76
1480,92,92,89,91,89,78
1481,88,85,81,77,93,94
1482,93,88,91,92,93,82
1483,75,92,94,85,76,94
1484,79,81,78,93,79,95
1485,88,86,91,77,87,89
1486,89,93,75,86,79,77
1487,91,83,80,88,91,79
1488,82,93,86,81,91,95
1489,95,88,87,75,94,79
1490,90,77,78,82,91,77
1491,78,95,79,86,75,77
1492,75,77,86,91,78,86
1493,85,86,94,80,80,78
1494,80,79,78,76,95,87
1495,82,75,89,95,83,78
1496,85,78,93,75,85,78
1497,81,83,91,77,88,77
1498,85,76,83,75,91,84
1499,86,89,94,87,93,90
1500,79,80,83,92,82,77
1501,86,92,81,95,87,82
1502,77,78,80,88,89,84
1503,85,81,79,87,82,81
1504,86,93,76,90,94,81
1505,78,75,78,87,76,92
1506,95,92,93,93,77,83
1507,94,83,83,76,85,86
1508,95,89,75,86,79,90
1509,94,90,88,95,90,90
1510,84,77,75,93,77,76
1511,88,85,94,86,87,93
1512,75,86,91,82,92,77
1513,80,83,86,75,84,80
1514,86,76,81,93,92,80
1515,77,75,76,93,81,75
1516,91,84,92,91,92,94
1517,89,84,89,80,91,77
1518,92,95,87,76,91,89
1519,92,89,83,92,95,90
1520,93,89,93,81,77,81
1521,92,75,85,75,94,93
1522,95,87,93,90,79,94
1523,88,89,88,75,82,85
1524,95,81,91,85,95,84
1525,86,81,85,79,75,95
1526,91,82,88,84,78,77
1527,78,88,83,89,94,89
1528,90,83,83,93,81,90
1529,83,77,77,94,75,75
1530,91,92,88,94,91,83
1531,84,78,91,92,84,79
1532,92,76,87,83,77,75
1533,80,93,81,91,90,93
1534,80,85,80,82,93,80
1535,86,92,80,92,85,87
1536,79,81,91,75,90,86
1537,81,76,87,89,89,77
1538,76,89,88,95,77,82
1539,85,86,75,88,95,88
1540,85,76,89,90,83,89
1541,87,91,81,92,87,88
1542,90,81,85,95,92,88
1543,89,92,89,75,85,87
1544,90,95,79,89,91,95
1545,89,89,81,84,82,78
1546,79,84,87,77,95,80
1547,93,89,92,91,82,84
1548,90,77,87,79,87,83
1549,91,77,82,76,83,87
1550,92,92,79,86,87,90
1551,78,93,95,79,95,78
1552,81,83,92,88,78,93
1553,85,75,89,80,86,76
1554,81,81,80,86,81,90
1555,87,82,76,79,92,78
1556,94,77,87,87,78,86
1557,80,75,85,88,85,84
1558,79,88,81,92,86,90
1559,88,81,84,85,93,81
1560,92,81,77,83,88,86
1561,84,94,77,78,78,95
1562,86,81,84,84,81,84
1563,89,86,93,84,79,95
1564,80,83,95,95,91,86
1565,83,78,91,92,92,94
1566,76,88,81,79,88,86
1567,82,86,87,79,87,77
1568,86,78,93,81,81,81
1569,86,92,76,84,83,82
1570,78,78,90,84,81,76
1571,83,83,86,79,86,91
1572,80,83,91,82,92,85
1573,91,79,79,91,88,75
1574,77,76,75,82,90,88
1575,92,92,86,82,82,83
1576,91,81,86,79,76,94
1577,85,95,81,93,78,77
1578,83,80,88,87,95,76
1579,75,90,83,89,95,87
1580,86,80,93,86,90,78
1581,93,77,86,92,80,84
1582,94,91,84,87,80,84
1583,95,80,90,89,84,77
1584,77,86,91,95,90,88
1585,81,76,87,81,81,89
1586,95,89,88,88,93,85
1587,92,80,81,93,80,92
1588,85,85,82,78,81,87
1589,82,80,94,84,80,94
1590,79,91,92,93,86,87
1591,76,92,85,78,93,87
1592,85,89,90,82,81,82
1593,94,77,77,87,82,88
1594,77,80,90,78,81,94
1595,79,83,92,86,75,75
1596,86,85,81,94,86,85
1597,78,75,87,80,78,85
1598,86,93,76,95,78,87
1599,80,79,78,81,79,91
1600,86,92,93,77,87,82
1601,80,89,78,86,89,93
1602,78,76,79,90,78,78
1603,91,90,94,87,83,84
1604,81,95,87,78,88,84
1605,81,83,79,92,87,88
1606,85,75,83,93,93,84
1607,87,79,87,88,92,89
1608,79,75,76,87,76,83
1609,83,86,79,90,86,83
1610,95,92,86,77,78,83
1611,80,75,86,78,93,94
1612,94,84,82,95,92,78
1613,77,77,93,85,88,85
1614,76,90,85,87,94,91
1615,90,82,95,91,75,88
1616,92,80,89,92,78,82
1617,81,75,75,95,82,95
1618,77,76,85,81,84,87
1619,91,82,86,76,93,81
1620,76,87,84,76,77,77
1621,88,81,84,80,75,77
1622,80,86,85,94,77,78
1623,80,84,91,88,88,93
1624,85,87,80,76,80,85
1625,95,83,92,93,78,94
1626,95,94,89,92,91,92
1627,94,94,80,78,87,95
1628,75,78,89,79,89,86
1629,89,80,84,84,78,75
1630,78,79,75,92,94,92
1631,78,85,95,85,77,77
1632,81,90,85,91,76,88
1633,90,91,79,88,82,76
1634,81,78,93,95,94,77
1635,88,76,83,78,94,94
1636,78,80,86,81,76,89
1637,80,84,87,78,83,94
1638,80,85,82,95,91,82
1639,76,90,76,83,79,90
1640,95,82,76,79,84,93
1641,93,83,82,83,78,90
1642,94,94,84,88,83,91
1643,84,88,83,78,85,86
1644,83,88,75,82,85,79
1645,95,82,94,85,79,94
1646,83,90,92,78,85,75
1647,83,80,93,78,87,85
1648,78,84,75,79,85,91
1649,87,94,92,85,80,87
1650,79,94,91,84,88,91
1651,88,78,80,77,79,81
1652,85,93,83,95,89,91
1653,93,81,92,84,83,78
1654,84,83,86,82,90,88
1655,93,93,82,77,75,79
1656,92,86,86,79,77,77
1657,81,94,93,85,82,86
1658,91,91,76,91,76,75
1659,78,87,76,95,84,94
1660,86,79,94,89,90,83
1661,81,86,78,75,89,85
1662,91,76,91,84,77,84
1663,77,93,91,93,87,85
1664,84,84,82,94,83,84
1665,80,87,86,90,82,88
1666,78,85,92,79,93,80
1667,87,76,94,92,89,77
1668,85,78,79,88,83,82
1669,84,75,91,80,94,89
1670,86,84,95,84,89,89
1671,90,90,76,87,88,90
1672,76,78,95,88,81,81
1673,78,95,88,84,90,84
1674,83,93,84,86,75,91
1675,77,78,76,87,77,94
1676,86,76,88,76,95,94
1677,79,88,95,77,86,95
1678,79,83,80,82,83,84
1679,94,76,94,94,84,90
1680,76,81,80,90,80,78
1681,91,77,94,81,84,89
1682,86,82,95,95,94,90
1683,88,87,87,95,91,94
1684,90,77,81,76,95,87
1685,79,90,85,92,86,76
1686,95,87,89,75,80,86
1687,94,89,75,75,86,84
1688,88,95,84,90,88,81
1689,93,93,75,75,95,88
1690,93,84,79,76,85,77
1691,94,91,83,90,81,80
1692,75,77,81,89,80,79
1693,94,75,78,81,83,91
1694,93,79,78,85,79,93
1695,92,91,75,85,90,83
1696,77,94,87,95,89,88
1697,91,86,91,81,83,94
1698,94,80,79,89,81,88
1699,75,90,89,91,83,87
1700,95,84,89,93,78,81
1701,78,91,76,87,90,84
1702,75,80,79,79,94,86
1703,81,78,76,92,89,76
1704,79,79,90,85,94,93
1705,81,79,93,94,76,77
1706,95,84,83,95,88,85
1707,80,83,85,87,91,76
1708,93,94,92,93,89,95
1709,89,84,88,85,76,94
1710,88,80,84,75,95,94
1711,81,91,84,78,91,77
1712,88,87,95,95,92,92
1713,89,79,86,83,92,95
1714,88,78,82,84,83,89
1715,93,76,77,83,79,85
1716,94,90,79,83,87,91
1717,88,94,83,77,94,91
1718,95,85,83,83,92,91
1719,89,89,95,90,86,86
1720,93,77,92,92,92,88
1721,84,81,88,94,76,81
1722,85,91,82,79,89,84
1723,75,86,78,87,75,92
1724,92,92,87,85,91,82
1725,94,89,88,81,88,80
1726,84,76,92,88,84,81
1727,83,93,76,90,77,79
1728,84,82,84,89,76,95
1729,84,78,90,92,77,89
1730,87,89,84,86,95,88
1731,86,85,85,94,93,93
1732,78,88,76,84,86,80
1733,83,91,94,90,90,90
1734,88,80,95,95,78,87
1735,93,93,91,85,95,85
1736,90,89,78,90,92,83
1737,79,75,87,76,84,86
1738,95,94,77,84,92,80
1739,95,89,81,91,75,91
1740,77,94,93,85,83,77
1741,84,94,94,88,90,77
1742,80,84,83,85,91,82
1743,95,89,93,92,83,87
1744,79,91,76,90,78,94
1745,87,94,83,93,75,76
1746,79,85,92,76,81,83
1747,93,91,77,88,79,88
1748,85,87,86,77,91,75
1749,88,86,84,81,80,90
1750,87,90,85,81,85,80
1751,79,77,77,75,82,92
1752,82,90,77,85,75,93
1753,94,94,89,77,78,92
1754,93,93,82,89,88,86
1755,91,92,93,84,94,78
1756,90,95,92,94,82,93
1757,77,92,82,86,83,84
1758,90,89,94,93,81,80
1759,95,93,89,80,81,95
1760,83,91,75,80,91,88
1761,79,78,88,84,85,87
1762,82,75,82,93,76,79
1763,91,87,76,76,95,91
1764,87,95,89,87,94,79
1765,81,88,85,89,95,86
1766,78,80,76,76,76,87
1767,76,95,93,77,86,89
1768,75,79,88,93,90,77
1769,78,83,95,79,84,75
1770,86,93,93,84,84,85
1771,75,86,95,82,75,94
1772,81,94,75,89,95,77
1773,79,75,77,87,91,77
1774,95,75,91,78,82,85
1775,75,90,76,78,91,77
1776,75,80,94,80,83,94
1777,84,83,91,79,76,83
1778,90,80,83,83,89,87
1779,86,81,88,95,82,93
1780,95,83,95,95,94,82
1781,90,79,77,78,84,90
1782,89,82,83,88,93,77
1783,87,81,91,75,80,95
1784,79,88,95,93,80,93
1785,83,89,85,80,75,79
1786,94,90,87,75,95,79
1787,86,90,82,93,81,77
1788,86,75,89,83,90,78
1789,88,94,76,88,81,95
1790,78,83,87,82,77,76
1791,83,82,94,91,92,90
1792,83,93,80,75,90,88
1793,87,94,92,92,79,92
1794,78,90,76,86,92,89
1795,86,81,91,85,94,87
1796,77,75,92,87,95,85
1797,92,79,83,81,84,89
1798,84,79,83,91,95,84
1799,81,86,87,84,86,83
1800,79,88,77,83,92,82
1801,93,86,79,85,95,89
1802,91,88,86,91,81,85
1803,95,89,87,90,91,95
1804,88,83,92,80,82,90
1805,92,86,95,87,82,82
1806,86,76,91,84,77,77
1807,88,93,82,75,93,84
1808,85,80,88,77,93,88
1809,77,79,77,95,85,86
1810,75,80,90,79,84,77
1811,82,94,87,87,87,88
1812,81,91,95,90,76,77
1813,87,93,92,75,91,78
1814,86,78,91,90,75,75
1815,94,80,87,85,91,88
1816,83,76,89,93,83,94
1817,76,84,92,95,77,92
1818,90,77,86,76,93,95
1819,90,79,75,95,76,84
1820,87,90,91,85,95,90
1821,88,76,91,90,85,81
1822,81,78,95,91,82,79
1823,85,77,91,92,77,82
1824,92,87,86,77,76,84
1825,88,89,82,82,77,77
1826,95,85,83,78,77,82
1827,77,81,80,90,81,92
1828,83,88,87,91,76,92
1829,95,84,91,76,94,84
1830,77,87,76,95,76,77
1831,79,95,91,75,95,91
1832,94,75,93,94,84,90
1833,85,85,83,80,90,95
1834,89,87,79,93,87,75
1835,79,75,82,88,87,89
1836,89,76,84,92,88,93
1837,88,95,78,78,75,92
1838,92,80,85,80,95,82
1839,84,78,80,88,91,82
1840,76,85,87,78,75,92
1841,94,93,83,80,89,91
1842,80,83,82,88,89,90
1843,83,86,92,83,77,90
1844,78,83,80,86,86,95
1845,92,79,92,84,93,82
1846,95,95,78,87,87,81
1847,95,79,89,84,78,91
1848,75,92,76,82,84,83
1849,84,86,94,82,81,75
1850,85,78,78,77,78,86
1851,95,91,83,93,76,75
1852,87,91,89,79,88,79
1853,77,84,91,88,80,81
1854,84,91,95,77,84,90
1855,83,94,95,94,79,84
1856,80,82,90,89,87,82
1857,79,79,84,77,79,77
1858,77,80,86,81,86,95
1859,93,82,81,75,84,88
1860,82,87,77,76,82,87
1861,91,83,77,78,78,90
1862,84,87,81,79,93,78
1863,92,81,91,85,88,92
1864,87,92,83,94,88,75
1865,76,88,81,81,83,95
1866,87,88,93,77,88,90
1867,89,80,91,88,79,87
1868,92,87,77,86,94,95
1869,91,88,83,94,88,81
1870,91,88,83,89,84,85
1871,75,90,81,90,87,90
1872,94,77,76,77,80,75
1873,78,84,94,85,83,88
1874,94,92,78,78,83,87
1875,94,82,76,79,89,76
1876,79,91,79,90,92,77
1877,88,87,79,93,76,83
1878,84,81,92,93,90,90
1879,93,84,91,91,80,92
1880,86,78,80,88,86,80
1881,91,77,92,86,84,88
1882,87,79,92,85,81,75
1883,93,91,95,84,89,82
1884,89,79,90,94,93,91
1885,90,89,88,89,76,90
1886,90,95,92,76,93,87
1887,91,89,90,83,87,91
1888,75,89,89,81,87,81
1889,87,79,91,92,85,87
1890,78,81,77,85,77,82
1891,82,75,89,94,95,84
1892,75,92,84,92,80,91
1893,81,90,85,93,91,94
1894,78,93,80,90,86,81
1895,93,94,86,84,86,95
1896,92,80,80,83,84,85
1897,79,91,84,82,87,85
1898,94,94,89,95,77,89
1899,78,91,76,83,78,91
1900,86,94,75,83,79,89
1901,86,90,76,95,78,85
1902,83,80,80,95,75,92
1903,87,82,89,87,79,86
1904,86,89,93,86,82,83
1905,81,84,81,88,90,80
1906,82,92,94,94,78,94
1907,85,90,92,78,80,92
1908,89,88,77,77,82,95
1909,88,75,89,79,75,93
1910,92,93,82,87,78,77
1911,89,88,81,76,92,78
1912,81,91,89,95,87,76
1913,92,91,87,79,77,86
1914,75,83,80,82,76,87
1915,84,95,87,84,90,93
1916,81,85,94,88,91,75
1917,78,75,95,85,75,87
1918,78,93,83,93,83,76
1919,78,89,87,79,88,85
1920,87,94,81,87,95,94
1921,78,85,81,84,75,75
1922,77,93,76,82,79,93
1923,82,89,85,94,87,93
1924,81,79,87,81,89,77
1925,75,84,80,92,78,77
1926,78,94,80,86,85,77
1927,79,85,92,92,84,91
1928,94,94,84,85,95,92
1929,91,80,95,93,80,88
1930,78,82,77,78,75,94
1931,80,92,84,78,84,76
1932,88,89,88,89,83,76
1933,76,85,83,81,84,93
1934,83,95,93,77,94,95
1935,90,92,79,75,93,78
1936,82,78,77,92,85,85
1937,85,89,87,82,81,94
1938,90,85,95,80,86,76
1939,75,82,92,88,85,80
1940,87,82,93,89,79,86
1941,76,78,76,84,83,81
1942,78,94,77,80,84,94
1943,77,79,83,85,81,82
1944,93,77,78,78,81,76
1945,83,90,80,89,93,85
1946,75,92,78,78,91,80
1947,82,80,79,82,86,87
1948,83,87,75,94,87,78
1949,77,91,86,91,89,77
1950,95,80,80,95,80,94
1951,95,80,84,92,81,90
1952,82,78,95,77,80,88
1953,77,75,85,88,88,81
1954,89,95,80,78,80,93
1955,93,85,80,93,94,87
1956,91,91,86,94,83,95
1957,86,95,82,89,88,81
1958,83,82,87,83,95,90
1959,78,83,82,79,94,86
1960,76,79,78,78,76,77
1961,91,75,93,76,89,94
1962,91,79,75,90,92,83
1963,85,76,76,90,84,94
1964,81,91,83,76,87,91
1965,77,75,79,90,80,88
1966,90,93,95,91,77,75
1967,90,75,94,89,88,91
1968,92,78,81,79,88,94
1969,94,77,95,86,84,82
1970,94,78,77,95,75,88
1971,82,75,78,95,77,89
1972,83,93,94,84,82,79
1973,77,90,78,81,79,86
1974,87,93,84,80,88,83
1975,76,94,92,88,76,76
1976,84,89,81,83,75,94
1977,90,90,86,79,78,76
1978,80,94,75,91,75,82
1979,92,92,92,89,91,87
1980,89,94,94,79,94,76
1981,85,77,81,95,76,91
1982,89,91,85,92,92,90
1983,88,95,76,81,78,90
1984,92,89,85,80,80,94
1985,93,88,94,88,76,93
1986,93,79,91,93,79,95
1987,91,86,85,82,92,85
1988,84,95,84,86,85,81
1989,92,90,79,88,83,80
1990,92,83,76,79,75,83
1991,89,75,84,92,92,94
1992,95,94,92,83,84,77
1993,80,90,85,85,83,79
1994,95,92,92,92,93,82
1995,88,84,76,87,82,84
1996,77,88,83,84,84,80
1997,86,89,87,76,85,87
1998,82,89,90,85,83,92
1999,86,90,95,90,85,90
2000,79,90,78,84,76,78
2001,88,91,94,75,95,89
2002,80,76,87,77,79,88
2003,80,85,79,86,75,86
2004,77,92,92,92,85,82
2005,94,76,75,80,84,85
2006,76,90,89,86,94,92
2007,83,83,85,87,91,80
2008,88,78,78,84,81,76
2009,84,76,90,89,94,77
2010,83,86,91,75,82,85
2011,77,95,77,91,93,86
2012,95,82,94,92,76,81
2013,86,93,92,86,81,89
2014,76,86,80,84,80,79
2015,82,93,86,92,79,90
2016,93,78,92,87,93,88
2017,85,94,77,87,75,92
2018,84,89,88,89,82,86
2019,90,88,88,94,81,91
2020,89,84,87,86,80,81
2021,93,78,90,87,90,93
2022,84,88,75,83,79,80
2023,88,78,82,80,95,76
2024,88,86,90,95,82,90
2025,90,89,90,86,85,81
2026,92,77,79,94,80,78
2027,93,76,85,87,87,90
2028,89,81,90,92,78,76
2029,87,81,85,88,86,84
2030,79,75,85,92,90,76
2031,92,80,83,92,95,94
2032,75,89,76,84,91,92
2033,89,77,89,83,93,91
2034,75,84,84,92,75,85
2035,83,87,89,77,80,90
2036,92,92,92,93,89,80
2037,94,77,78,79,89,94
2038,75,78,77,88,83,89
2039,75,75,92,76,95,78
2040,77,88,80,80,76,76
2041,90,77,79,80,75,89
2042,95,82,77,86,95,85
2043,85,77,84,83,77,80
2044,94,94,92,81,76,91
2045,81,93,92,80,81,94
2046,90,92,92,75,95,77
2047,83,94,91,83,88,91
2048,89,86,76,85,78,84
2049,92,87,75,82,79,77
2050,82,87,80,76,78,95
2051,81,92,85,76,90,77
2052,84,87,93,77,83,88
2053,88,86,84,77,79,86
2054,76,79,88,82,80,86
2055,77,92,81,76,89,92
2056,91,95,85,85,91,83
2057,86,93,89,90,77,93
2058,83,84,79,82,86,81
2059,82,80,81,88,79,87
2060,90,80,93,84,78,80
2061,95,89,78,75,90,78
2062,88,77,77,86,79,81
2063,76,75,91,92,85,94
2064,81,90,89,88,79,89
2065,85,89,93,82,93,81
2066,76,95,90,93,90,90
2067,86,76,92,75,94,90
2068,92,93,87,86,95,77
2069,81,84,92,76,93,79
2070,92,80,75,86,75,93
2071,77,88,76,92,91,89
2072,84,93,76,91,83,88
2073,88,89,91,86,85,78
2074,88,91,89,75,82,80
2075,90,87,86,81,92,91
2076,87,88,95,86,79,76
2077,76,90,78,79,81,84
2078,90,95,82,94,84,88
2079,84,77,82,77,85,95
2080,86,88,94,90,82,87
2081,78,87,90,87,87,75
2082,93,75,75,92,76,95
2083,82,75,83,77,80,82
2084,91,78,81,93,80,91
2085,79,88,79,83,77,83
2086,91,81,80,88,75,88
2087,76,85,85,77,78,77
2088,87,83,84,82,82,90
2089,93,88,87,95,77,95
2090,86,84,81,76,77,77
2091,93,89,75,93,75,93
2092,95,89,95,87,76,85
2093,92,83,75,88,90,88
2094,94,83,77,87,89,85
2095,75,78,95,91,79,87
2096,86,85,90,83,76,95
2097,91,90,75,79,79,91
2098,86,78,95,78,89,88
2099,88,80,78,79,87,78
2100,82,92,90,92,90,87
2101,91,85,84,81,75,89
2102,82,78,90,95,78,83
2103,77,81,88,76,80,95
2104,91,91,88,93,86,91
2105,80,93,84,89,92,82
2106,82,88,93,91,87,84
2107,78,94,91,89,85,85
2108,95,92,84,83,78,87
2109,85,95,87,79,92,84
2110,76,81,91,83,82,83
2111,84,81,89,84,78,93
2112,86,75,86,80,80,92
2113,88,83,80,91,94,80
2114,90,90,86,75,84,78
2115,83,84,85,89,95,79
2116,82,94,85,78,83,91
2117,92,91,90,92,75,76
2118,89,87,90,83,93,84
2119,92,79,91,90,83,93
2120,87,77,90,86,90,79
2121,86,83,86,94,87,86
2122,91,93,91,90,85,86
2123,94,80,84,88,95,90
2124,86,94,95,93,90,77
2125,92,81,93,76,75,77
2126,78,83,76,90,76,89
2127,92,75,81,76,85,77
2128,83,80,91,93,88,88
2129,90,86,79,80,95,91
2130,88,95,91,95,79,93
2131,94,89,86,80,84,81
2132,93,85,89,81,95,77
2133,80,79,93,86,77,89
2134,86,93,85,80,92,93
2135,88,87,76,86,80,82
2136,77,81,89,95,86,78
2137,84,95,92,86,75,75
2138,88,88,89,79,84,82
2139,80,86,94,83,77,78
2140,89,91,82,75,80,78
2141,89,79,75,83,80,92
2142,86,76,95,81,92,92
2143,76,80,95,80,84,92
2144,92,91,83,81,81,90
2145,79,88,78,90,88,91
2146,75,90,95,93,87,87
2147,84,95,89,84,88,85
2148,78,80,84,92,79,82
2149,93,94,90,79,85,90
2150,82,82,79,82,91,94
2151,95,91,92,88,94,75
2152,91,95,88,92,77,77
2153,95,88,95,77,89,89
2154,76,94,82,77,80,81
2155,87,85,86,95,95,95
2156,87,79,93,82,79,93
2157,84,78,91,81,79,78
2158,80,85,80,89,78,94
2159,76,83,78,77,80,88
2160,78,82,93,77,85,85
2161,93,94,95,94,85,88
2162,83,94,92,80,75,76
2163,79,88,93,88,93,81
2164,87,76,91,92,89,80
2165,93,90,88,77,80,87
2166,94,89,90,90,81,81
2167,94,85,86,76,92,88
2168,88,88,93,75,87,87
2169,93,84,75,95,94,88
2170,82,75,92,90,95,86
2171,89,85,82,87,91,80
2172,79,80,80,77,87,87
2173,81,75,86,79,75,81
2174,81,88,81,81,80,77
2175,95,91,87,89,95,85
2176,83,92,77,91,91,91
2177,77,94,77,94,77,83
2178,87,82,88,76,81,93
2179,89,76,88,93,75,88
2180,93,78,86,94,93,95
2181,82,92,88,90,88,86
2182,86,83,93,85,88,85
2183,91,93,93,78,76,93
2184,77,78,91,95,89,85
2185,95,91,76,77,91,94
2186,91,90,86,81,79,89
2187,83,86,85,86,92,87
2188,79,95,84,75,86,87
2189,92,87,83,87,86,90
2190,90,91,79,85,85,92
2191,85,90,89,93,80,90
2192,84,90,79,76,81,92
2193,79,77,80,92,91,76
2194,89,90,82,92,92,75
2195,83,86,93,82,92,89
2196,81,77,94,76,77,95
2197,82,79,81,93,86,77
2198,92,89,83,84,78,84
2199,77,79,82,93,79,95
2200,81,89,79,92,88,86
2201,91,85,93,93,90,81
2202,79,83,87,85,90,84
2203,95,88,94,86,84,93
2204,93,89,79,86,90,93
2205,85,93,83,88,80,84
2206,92,88,91,76,91,87
2207,95,81,85,91,83,82
2208,85,76,77,89,79,88
2209,76,81,76,94,82,85
2210,94,90,87,76,83,86
2211,80,86,78,75,89,95
2212,80,93,90,82,81,95
2213,88,94,87,76,90,93
2214,88,94,89,75,89,82
2215,79,91,92,78,95,89
2216,75,83,81,90,83,76
2217,91,77,79,93,95,86
2218,91,79,83,78,82,83
2219,85,91,95,80,86,78
2220,92,84,89,79,94,93
2221,84,95,88,79,91,88
2222,79,80,76,86,84,86
2223,81,76,95,89,91,95
2224,92,82,83,80,86,79
2225,86,81,83,88,75,80
2226,84,95,87,79,82,87
2227,75,92,94,79,86,83
2228,79,75,89,93,78,95
2229,83,93,86,83,90,82
2230,79,76,91,78,84,91
2231,75,95,79,91,78,80
2232,76,93,86,75,93,82
2233,80,82,85,85,80,76
2234,85,86,83,95,94,93
2235,82,77,79,91,79,86
2236,85,79,94,77,75,88
2237,83,88,89,84,85,91
2238,86,77,87,85,75,91
2239,85,95,82,95,88,92
2240,76,87,85,78,86,80
2241,89,84,89,78,81,91
2242,79,78,77,87,78,77
2243,75,82,79,81,93,88
2244,84,76,78,83,82,86
2245,88,76,93,82,90,82
2246,86,89,85,94,91,81
2247,81,86,89,78,92,86
2248,81,80,80,84,90,90
2249,78,86,78,87,91,88
2250,86,81,80,84,78,93
2251,89,83,81,79,82,86
2252,75,79,91,91,81,88
2253,76,88,82,77,93,80
2254,91,79,88,88,75,81
2255,77,89,76,78,90,75
2256,95,75,81,86,94,89
2257,92,83,90,92,91,83
2258,90,88,87,80,80,82
2259,89,89,80,90,75,81
2260,77,88,93,85,90,87
2261,87,87,77,93,78,79
2262,80,80,91,95,94,82
2263,84,82,78,80,84,83
2264,84,80,75,85,77,86
2265,79,79,88,92,83,91
2266,82,86,83,89,82,88
2267,80,77,84,93,87,94
2268,86,86,93,79,77,76
2269,84,85,81,95,83,76
2270,84,87,92,91,92,88
2271,95,85,91,92,77,77
2272,77,76,81,90,78,82
2273,84,87,91,82,90,75
2274,80,81,77,84,78,95
2275,75,94,87,90,91,85
2276,92,91,90,86,85,75
2277,84,94,88,81,89,80
2278,89,86,85,91,79,79
2279,79,75,90,88,76,78
2280,93,80,86,81,89,80
2281,81,80,77,75,84,81
2282,77,95,82,90,95,91
2283,79,94,90,78,84,90
2284,75,88,92,86,76,94
2285,88,80,85,91,78,87
2286,75,90,86,89,86,94
2287,81,79,86,81,92,86
2288,91,90,80,77,79,82
2289,91,82,76,93,95,78
2290,89,87,83,87,94,93
2291,75,84,77,81,89,80
2292,82,85,78,79,87,94
2293,90,94,82,91,91,91
2294,95,79,90,76,76,78
2295,80,90,93,77,88,94
2296,90,80,83,88,75,81
2297,89,93,81,87,89,76
2298,95,89,81,85,84,88
2299,80,90,76,82,82,75
2300,83,84,77,91,86,86
2301,83,93,91,95,75,93
2302,93,87,75,80,75,91
2303,78,83,84,87,92,86
2304,81,92,88,82,76,84
2305,79,87,89,93,81,86
2306,88,77,93,85,75,77
2307,93,93,81,82,78,81
2308,94,89,80,86,76,92
2309,82,76,81,81,79,87
2310,87,88,92,90,80,84
2311,85,77,83,84,91,84
2312,83,88,92,92,75,80
2313,93,92,87,88,95,89
2314,87,81,94,87,91,90
2315,91,90,83,85,81,76
2316,79,76,88,93,93,88
2317,87,82,93,86,88,77
2318,81,76,83,90,83,79
2319,84,82,91,77,82,85
2320,77,95,86,90,75,78
2321,92,90,84,77,95,76
2322,90,77,78,89,78,94
2323,93,81,92,94,79,84
2324,82,81,81,91,87,75
2325,85,94,92,82,91,78
2326,84,93,85,81,94,84
2327,90,91,77,76,82,95
2328,85,87,90,89,78,94
2329,79,78,88,88,93,85
2330,90,89,84,94,94,87
2331,79,94,84,84,75,76
2332,76,82,84,80,82,94
2333,86,83,90,76,92,81
2334,92,79,83,83,88,94
2335,89,86,77,77,79,87
2336,93,79,91,87,87,89
2337,80,89,75,84,83,86
2338,82,95,87,79,93,91
2339,92,84,81,79,76,81
2340,85,76,91,86,90,82
2341,89,86,94,86,86,92
2342,86,85,90,90,83,75
2343,86,85,75,86,81,76
2344,94,87,87,85,86,80
2345,83,94,85,83,94,85
2346,77,87,92,90,85,82
2347,80,86,86,94,79,75
2348,80,95,93,93,89,85
2349,95,76,85,77,86,93
2350,86,85,86,78,84,88
2351,89,81,91,86,95,80
2352,80,77,85,87,77,90
2353,80,95,89,89,86,82
2354,85,95,76,78,79,89
2355,81,95,91,75,87,82
2356,83,78,85,87,90,83
2357,95,87,77,94,80,76
2358,82,83,75,87,77,94
2359,89,76,86,83,90,80
2360,89,85,79,79,87,80
2361,87,81,91,78,79,87
2362,80,90,89,88,81,86
2363,81,94,90,95,86,81
2364,85,79,80,84,79,75
2365,85,84,80,77,86,86
2366,78,91,93,89,88,94
2367,77,84,79,87,87,82
2368,87,75,78,83,80,83
2369,82,84,81,89,82,92
2370,86,89,76,92,91,91
2371,86,83,85,90,89,95
2372,76,84,78,77,94,93
2373,76,83,87,93,86,91
2374,80,79,83,83,77,83
2375,81,76,94,79,81,86
2376,82,86,91,95,83,90
2377,83,80,80,94,75,79
2378,94,93,93,89,95,92
2379,85,95,83,78,76,83
2380,90,95,88,84,92,93
2381,83,94,87,89,90,93
2382,75,77,94,84,95,79
2383,87,82,95,93,95,85
2384,87,88,89,88,91,91
2385,91,94,77,86,86,78
2386,78,79,83,92,85,82
2387,91,78,92,77,78,77
2388,87,79,95,85,86,84
2389,94,88,76,85,82,92
2390,85,78,90,90,90,84
2391,91,88,89,89,92,87
2392,90,90,93,94,84,77
2393,90,78,86,82,82,93
2394,89,75,93,91,91,89
2395,83,86,83,93,75,95
2396,84,87,83,91,82,83
2397,81,79,87,91,82,82
2398,91,75,91,90,93,93
2399,94,94,78,90,84,90
2400,85,79,86,92,77,91
2401,75,77,75,88,87,80
2402,94,90,91,87,79,76
2403,80,84,94,92,81,92
2404,92,91,82,95,94,84
2405,79,93,80,87,83,79
2406,76,89,92,79,80,89
2407,91,80,93,83,76,85
2408,87,83,79,94,90,83
2409,79,78,90,80,91,91
2410,91,81,89,80,91,94
2411,83,76,91,91,79,92
2412,92,85,77,95,91,81
2413,77,79,80,88,82,76
2414,75,87,77,75,88,94
2415,86,93,79,81,88,83
2416,80,82,83,87,86,89
2417,86,76,90,92,88,93
2418,83,89,82,75,87,82
2419,81,82,78,77,93,78
2420,88,75,83,87,84,95
2421,94,80,80,81,79,94
2422,79,75,85,82,95,80
2423,77,90,93,82,81,92
2424,79,93,86,82,95,85
2425,82,85,80,75,81,90
2426,93,87,88,89,86,85
2427,87,78,93,91,82,83
2428,82,91,88,79,81,75
2429,95,75,80,76,82,80
2430,91,78,79,78,76,80
2431,91,77,85,90,89,86
2432,92,81,88,87,75,81
2433,95,78,84,93,82,80
2434,76,83,76,89,78,90
2435,95,90,79,94,94,88
2436,82,88,92,82,86,80
2437,89,77,82,75,95,75
2438,82,80,87,88,86,88
2439,78,75,81,79,85,82
2440,76,95,75,78,84,93
2441,84,79,77,95,86,87
2442,81,86,89,94,91,88
2443,78,88,93,93,81,94
2444,81,93,80,88,80,91
2445,90,80,92,85,89,79
2446,81,83,89,80,84,81
2447,91,95,80,86,90,75
2448,88,81,86,76,87,95
2449,80,86,92,81,94,77
2450,91,87,90,84,94,88
2451,88,78,80,83,76,82
2452,88,78,91,78,75,76
2453,80,78,78,83,77,81
2454,82,84,88,87,92,87
2455,77,87,85,94,81,78
2456,79,88,83,79,79,77
2457,90,93,81,80,92,79
2458,81,80,79,85,78,75
2459,77,79,82,80,80,95
2460,80,86,93,91,88,77
2461,77,91,90,92,91,93
2462,78,81,75,77,88,85
2463,81,91,80,84,90,94
2464,93,75,80,89,81,76
2465,81,88,95,89,93,85
2466,86,75,81,89,93,81
2467,95,86,86,80,93,94
2468,87,85,89,89,86,85
2469,89,78,89,82,89,85
2470,77,85,91,91,79,85
2471,90,87,93,77,76,83
2472,91,78,85,83,92,80
2473,90,75,91,95,81,95
2474,85,93,80,82,77,80
2475,88,87,86,77,79,94
2476,89,93,87,75,83,92
2477,85,83,84,87,86,76
2478,78,88,81,88,82,75
2479,76,90,90,76,80,85
2480,85,94,77,75,87,91
2481,91,87,86,95,95,77
2482,92,79,95,79,94,91
2483,84,95,88,92,85,85
2484,82,78,86,76,91,76
2485,80,95,81,77,78,79
2486,84,84,79,80,76,95
2487,93,76,92,90,92,76
2488,90,77,78,93,85,86
2489,82,94,84,87,87,75
2490,76,81,94,89,84,80
2491,87,78,94,87,95,79
2492,75,87,84,83,88,87
2493,79,81,86,79,93,81
2494,87,94,86,77,85,83
2495,95,88,91,81,76,88
2496,81,92,91,76,84,86
2497,85,88,95,89,84,75
2498,87,76,75,85,77,79
2499,78,75,85,79,83,79
2500,78,88,75,78,82,81
2501,91,82,81,95,88,91
2502,95,78,87,82,80,95
2503,85,81,91,86,91,82
2504,82,89,84,79,82,76
2505,93,77,78,80,93,75
2506,90,83,90,75,90,93
2507,87,88,94,93,86,95
2508,92,79,93,85,93,81
2509,79,77,94,90,95,95
2510,95,85,94,91,78,79
2511,90,86,93,83,85,92
2512,91,93,87,95,88,83
2513,84,94,77,77,89,88
2514,93,92,77,93,82,76
2515,89,81,87,78,82,82
2516,87,93,77,84,92,93
2517,91,92,82,86,76,88
2518,79,81,78,89,76,84
2519,83,79,80,85,87,83
2520,94,77,83,89,78,89
2521,77,85,84,90,77,81
2522,86,94,89,93,85,91
2523,84,93,89,77,85,83
2524,78,80,92,81,93,89
2525,86,81,82,92,83,95
2526,76,77,93,84,76,95
2527,91,82,89,88,87,81
2528,90,86,80,92,82,84
2529,77,90,75,79,95,92
2530,87,89,93,92,77,93
2531,94,78,77,95,81,94
2532,90,94,91,82,90,75
2533,82,82,80,90,88,92
2534,87,81,78,87,75,84
2535,75,76,88,85,80,95
2536,88,86,86,79,86,91
2537,77,76,83,88,95,84
2538,88,75,84,76,90,92
2539,93,90,91,77,94,86
2540,85,76,86,95,92,83
2541,76,75,91,83,79,77
2542,82,76,87,91,88,77
2543,91,92,95,82,92,91
2544,81,86,84,87,95,76
2545,95,85,88,76,95,82
2546,75,81,80,91,81,89
2547,87,86,76,88,82,95
2548,77,82,76,94,80,79
2549,89,78,76,89,77,83
2550,76,86,94,81,77,93
2551,85,92,92,77,88,93
2552,94,80,91,94,80,80
2553,87,92,84,92,84,83
2554,95,95,87,95,84,77
2555,84,84,92,78,93,79
2556,93,80,94,90,80,84
2557,95,78,79,90,80,89
2558,89,80,81,80,91,78
2559,94,85,93,91,79,78
2560,94,77,89,84,85,83
2561,81,87,86,92,92,81
2562,77,90,79,87,84,78
2563,94,88,79,82,91,78
2564,93,91,87,75,94,95
2565,87,76,94,80,83,91
2566,77,92,95,83,93,89
2567,81,81,85,87,86,91
2568,93,80,83,79,94,89
2569,82,83,91,90,81,85
2570,87,79,93,75,82,93
2571,89,95,79,76,92,76
2572,86,81,94,83,75,83
2573,85,76,89,77,95,95
2574,81,93,79,87,80,85
2575,87,95,95,95,89,80
2576,88,76,82,94,86,87
2577,76,75,91,87,80,84
2578,94,93,81,86,83,83
2579,78,90,88,80,78,87
2580,80,79,75,92,83,91
2581,88,84,86,82,86,84
2582,87,78,94,91,95,77
2583,92,89,78,94,75,89
2584,90,88,86,75,88,84
2585,79,81,87,87,90,87
2586,80,85,95,91,89,77
2587,77,87,90,91,92,76
2588,95,82,77,94,80,78
2589,95,75,93,82,90,76
2590,85,87,86,78,83,89
2591,95,91,92,92,76,89
2592,90,94,90,82,84,81
2593,89,84,92,95,82,87
2594,83,82,83,87,89,77
2595,82,93,82,80,87,89
2596,92,89,79,81,91,82
2597,75,76,79,86,93,89
2598,91,85,79,93,79,93
2599,87,87,75,78,82,83
2600,90,89,83,85,85,91
2601,82,91,89,92,77,93
2602,93,83,75,86,94,84
2603,91,76,77,83,77,91
2604,94,92,93,79,86,91
2605,78,82,76,89,83,85
2606,95,81,80,88,76,91
2607,85,88,77,90,87,86
2608,82,84,91,75,78,88
2609,81,93,89,85,87,78
2610,93,90,83,86,89,76
2611,79,83,79,95,95,82
2612,90,94,81,78,95,79
2613,92,79,89,82,86,76
2614,81,82,93,92,86,77
2615,81,75,92,83,85,92
2616,93,87,87,75,84,89
2617,76,92,82,78,87,88
2618,83,92,93,87,87,94
2619,77,88,87,77,84,79
2620,90,90,82,85,92,76
2621,89,84,77,75,91,86
2622,84,83,91,83,83,90
2623,82,83,76,89,84,81
2624,94,88,77,83,79,78
2625,83,93,90,90,94,95
2626,75,78,90,95,85,87
2627,95,88,78,91,79,76
2628,78,77,75,94,79,78
2629,83,79,81,79,91,84
2630,87,88,77,76,84,94
2631,88,85,83,91,95,89
2632,91,93,83,89,94,82
2633,75,86,86,84,82,76
2634,77,87,83,95,80,77
2635,75,76,83,93,82,80
2636,88,83,86,92,88,93
2637,95,80,79,75,78,87
2638,78,76,75,78,92,82
2639,76,77,86,86,92,75
2640,92,91,89,76,79,77
2641,92,90,76,80,90,75
2642,78,86,87,92,81,94
2643,91,90,87,84,80,90
2644,90,80,93,94,82,95
2645,77,81,87,78,90,83
2646,92,84,94,89,90,89
2647,85,95,88,75,82,82
2648,92,85,84,81,80,80
2649,92,85,88,79,87,92
2650,89,79,85,75,95,87
2651,87,80,80,85,80,89
2652,84,89,79,85,93,92
2653,91,92,78,89,86,92
2654,81,91,84,77,81,88
2655,77,90,86,89,79,89
2656,89,93,76,88,92,92
2657,94,90,75,77,84,78
2658,88,90,84,87,75,94
2659,76,86,83,89,84,94
2660,87,90,75,85,92,91
2661,86,84,93,93,77,93
2662,90,94,86,88,92,81
2663,76,82,83,75,87,86
2664,80,93,85,78,84,83
2665,82,86,92,93,94,83
2666,83,91,93,84,75,75
2667,76,85,83,79,79,93
2668,75,90,75,82,93,75
2669,90,86,84,90,85,83
2670,77,80,81,91,93,83
2671,92,76,84,94,81,87
2672,92,87,86,82,94,87
2673,89,82,91,80,84,90
2674,81,90,86,83,84,88
2675,80,81,93,81,81,79
2676,82,92,94,76,80,75
2677,82,89,83,88,95,94
2678,86,93,88,86,95,80
2679,87,88,92,84,91,79
2680,90,81,79,88,88,75
2681,76,83,89,83,92,88
2682,93,90,84,82,86,84
2683,81,80,90,84,87,91
2684,79,87,93,81,87,90
2685,83,91,92,79,78,82
2686,83,78,87,93,77,77
2687,86,81,94,85,84,95
2688,81,78,76,75,89,87
2689,95,86,86,90,91,95
2690,85,87,84,81,93,90
2691,81,95,82,85,93,85
2692,86,80,80,79,79,80
2693,81,82,95,93,94,87
2694,92,87,79,80,79,76
2695,93,94,76,77,90,91
2696,76,84,83,77,80,89
2697,94,83,79,87,77,78
2698,90,80,87,75,77,83
2699,78,84,92,89,87,80
2700,78,91,78,88,77,81
2701,86,93,84,75,86,84
2702,90,90,81,88,95,93
2703,84,94,77,91,94,87
2704,83,82,85,88,94,82
2705,79,94,80,90,79,93
2706,88,83,91,82,89,93
2707,84,83,84,84,80,83
2708,89,88,91,77,87,86
2709,95,77,75,80,90,91
2710,86,78,77,89,89,79
2711,80,76,92,93,86,95
2712,79,89,78,76,76,81
2713,94,93,88,95,81,91
2714,75,90,93,79,84,82
2715,84,76,77,80,84,75
2716,88,87,75,81,81,82
2717,83,90,92,95,88,92
2718,75,79,82,75,88,84
2719,79,76,80,76,76,79
2720,76,79,90,75,88,86
2721,91,93,81,93,84,78
2722,88,88,75,88,82,88
2723,79,90,93,87,87,84
2724,93,82,76,78,83,83
2725,81,79,85,95,81,87
2726,86,90,88,84,90,93
2727,95,95,90,79,86,93
2728,93,92,84,75,80,78
2729,94,86,90,89,91,95
2730,82,75,90,75,79,83
2731,75,82,90,93,87,83
2732,92,81,82,88,93,75
2733,92,91,87,85,84,90
2734,94,75,80,91,95,77
2735,81,95,89,84,83,81
2736,95,92,80,86,90,83
2737,84,86,79,84,75,80
2738,88,91,92,80,81,90
2739,81,82,92,89,93,81
2740,83,92,92,77,89,84
2741,92,92,85,82,83,85
2742,76,75,87,85,84,83
2743,90,85,95,88,78,76
2744,79,80,82,91,82,81
2745,80,90,92,91,93,94
2746,90,83,75,78,83,89
2747,88,79,80,88,75,78
2748,91,85,77,75,92,90
2749,80,76,82,93,78,87
2750,87,83,78,90,93,79
2751,87,90,78,93,81,79
2752,95,79,83,84,91,82
2753,87,89,91,90,78,89
2754,79,95,82,80,83,88
2755,78,82,89,78,93,77
2756,91,90,94,86,91,85
2757,95,92,77,82,93,79
2758,94,76,75,92,81,85
2759,89,82,88,85,76,95
2760,79,88,92,86,88,92
2761,92,81,81,75,86,87
2762,88,82,79,93,92,85
2763,81,75,81,75,80,83
2764,78,94,85,94,93,77
2765,92,86,82,91,76,77
2766,84,78,90,91,83,86
2767,88,91,86,92,90,86
2768,80,82,89,78,93,79
2769,83,81,88,83,82,94
2770,93,89,89,92,75,84
2771,89,79,77,84,95,75
2772,88,91,80,88,77,83
2773,86,75,93,90,85,94
2774,89,79,81,87,92,91
2775,79,89,82,76,82,94
2776,80,92,95,95,89,85
2777,90,87,76,83,92,81
2778,84,79,82,86,89,94
2779,89,82,77,86,86,76
2780,86,94,87,95,95,86
2781,90,83,80,83,86,87
2782,93,82,90,91,91,84
2783,89,78,91,95,84,94
2784,92,92,84,83,91,92
2785,84,83,91,80,94,78
2786,88,94,75,88,91,95
2787,89,92,95,82,91,83
2788,93,84,89,75,95,93
2789,92,93,80,81,87,82
2790,91,83,92,84,90,95
2791,84,76,80,75,87,92
2792,85,78,80,86,76,86
2793,92,87,88,94,84,85
2794,93,88,77,91,80,95
2795,79,81,82,75,86,92
2796,84,84,81,94,93,77
2797,88,81,81,84,86,77
2798,92,85,88,88,89,76
2799,80,82,91,77,93,83
2800,92,91,95,92,83,92
2801,79,81,95,75,80,89
2802,75,83,86,81,81,76
2803,84,84,89,94,85,81
2804,80,90,78,83,77,86
2805,94,94,89,91,78,89
2806,78,95,78,91,83,84
2807,92,89,91,76,75,80
2808,82,77,94,92,85,84
2809,83,82,80,94,92,77
2810,75,76,92,85,85,91
2811,78,75,83,87,82,87
2812,86,83,86,86,85,84
2813,79,90,90,79,81,93
2814,85,94,81,94,86,91
2815,90,84,83,83,95,76
2816,93,94,82,94,79,79
2817,83,81,92,95,93,76
2818,87,83,80,95,75,94
2819,79,85,91,90,82,94
2820,86,75,76,75,94,83
2821,76,91,86,77,87,92
2822,93,95,84,78,76,91
2823,95,81,84,80,90,85
2824,87,95,90,82,78,90
2825,92,75,91,75,94,81
2826,91,83,77,78,88,92
2827,91,89,92,78,94,87
2828,90,83,85,75,92,77
2829,90,84,87,78,82,82
2830,89,90,82,84,82,84
2831,89,92,85,87,95,88
2832,92,78,86,75,83,89
2833,87,77,78,76,82,95
2834,86,90,76,75,82,91
2835,95,93,91,75,75,93
2836,88,75,83,78,87,94
2837,89,89,92,82,77,87
2838,93,91,84,80,95,92
2839,75,82,87,87,89,88
2840,81,78,81,81,81,82
2841,93,81,81,83,79,86
2842,82,92,75,84,92,94
2843,87,89,94,92,93,79
2844,92,83,95,79,88,80
2845,95,89,75,77,93,89
2846,95,85,92,76,77,81
2847,93,77,83,95,84,87
2848,76,85,95,81,84,79
2849,76,89,90,87,85,77
2850,76,90,94,76,93,95
2851,94,91,75,90,95,80
2852,92,79,88,82,76,88
2853,79,78,83,85,80,84
2854,75,85,85,88,92,81
2855,85,83,89,91,77,93
2856,91,91,86,80,87,94
2857,87,77,88,91,82,81
2858,95,91,88,81,90,94
2859,82,83,93,85,78,86
2860,87,77,75,84,78,90
2861,95,94,82,91,90,90
2862,84,87,81,85,86,77
2863,91,89,81,91,82,90
2864,87,79,82,95,84,91
2865,85,93,80,75,75,90
2866,81,90,92,77,95,93
2867,95,95,81,91,95,93
2868,93,83,76,76,75,86
2869,83,84,92,83,89,91
2870,79,77,83,80,91,92
2871,82,79,79,76,93,93
2872,95,95,89,87,90,80
2873,78,80,81,76,85,92
2874,77,79,93,86,87,85
2875,83,92,93,81,75,84
2876,93,95,91,94,92,94
2877,82,81,94,86,87,86
2878,92,86,91,79,76,94
2879,92,90,79,93,82,78
2880,85,78,84,84,83,79
2881,80,84,87,95,93,86
2882,79,83,94,84,77,82
2883,78,80,76,80,86,78
2884,76,81,84,95,90,84
2885,88,91,92,78,89,89
2886,83,95,75,86,82,77
2887,84,88,77,94,94,86
2888,85,88,90,84,88,84
2889,91,79,79,88,80,82
2890,79,92,94,83,76,76
2891,93,82,87,84,82,81
2892,90,77,81,89,87,89
2893,91,93,86,85,86,92
2894,76,78,86,89,84,84
2895,83,93,93,84,92,79
2896,93,78,78,89,81,83
2897,95,80,94,85,84,85
2898,93,76,80,84,91,77
2899,78,90,90,81,80,83
2900,84,87,85,86,83,86
2901,88,84,90,95,77,80
2902,79,94,76,83,95,82
2903,76,80,78,78,79,81
2904,82,85,93,91,80,92
2905,80,78,76,75,91,75
2906,78,81,84,86,84,75
2907,82,93,77,95,89,75
2908,85,90,89,76,76,95
2909,86,80,85,94,91,77
2910,86,80,89,75,75,87
2911,85,78,94,84,88,90
2912,82,78,93,79,86,90
2913,83,86,80,89,85,85
2914,83,92,84,84,94,84
2915,87,75,87,81,87,76
2916,92,88,77,75,79,88
2917,85,89,86,93,80,75
2918,75,91,85,90,75,77
2919,92,81,83,80,94,86
2920,76,85,91,86,81,87
2921,94,83,93,88,77,89
2922,85,85,89,95,93,89
2923,90,89,80,89,93,82
2924,80,77,80,79,91,90
2925,81,80,92,90,79,94
2926,86,76,75,88,80,86
2927,76,91,81,93,77,79
2928,95,91,80,77,82,77
2929,87,83,86,75,92,95
2930,88,88,91,75,76,95
2931,89,94,94,82,87,86
2932,93,85,85,88,76,86
2933,76,83,95,94,85,84
2934,81,94,94,81,81,77
2935,78,83,84,80,94,85
2936,86,81,92,90,75,95
2937,77,79,88,95,87,86
2938,92,81,79,82,78,90
2939,76,82,79,91,75,90
2940,85,81,83,83,75,90
2941,86,83,86,95,76,90
2942,83,82,83,78,93,95
2943,83,92,95,79,88,76
2944,76,91,91,79,91,90
2945,93,77,76,83,77,83
2946,82,86,85,79,93,93
2947,89,81,90,89,76,84
2948,89,94,89,93,86,91
2949,94,80,76,75,90,81
2950,78,94,86,91,80,95
2951,94,82,79,82,83,95
2952,85,83,75,87,83,84
2953,90,79,87,86,92,85
2954,79,90,91,84,75,83
2955,93,80,82,95,78,79
2956,92,92,90,80,75,92
2957,82,82,84,77,90,75
2958,81,83,79,88,82,90
2959,89,82,88,92,87,84
2960,89,83,87,76,93,87
2961,79,81,81,91,89,90
2962,87,88,76,89,81,82
2963,78,81,93,94,84,76
2964,86,89,92,91,81,87
2965,77,76,85,76,95,93
2966,84,85,90,94,87,95
2967,75,83,94,89,78,82
2968,93,76,77,88,95,91
2969,81,77,95,79,82,76
2970,89,76,83,83,94,85
2971,87,92,81,86,87,79
2972,80,76,75,88,76,92
2973,82,92,84,88,77,81
2974,81,89,79,82,93,78
2975,81,75,91,80,85,75
2976,95,85,75,76,78,77
2977,75,93,76,80,95,85
2978,95,90,94,89,79,82
2979,89,78,75,85,80,89
2980,75,77,93,85,76,95
2981,75,83,90,87,90,76
2982,76,84,87,89,84,77
2983,78,92,85,85,82,86
2984,88,81,90,82,95,93
2985,77,92,89,85,94,75
2986,92,83,86,91,91,88
2987,87,86,76,89,81,77
2988,78,81,80,87,76,79
2989,87,86,80,81,78,95
2990,95,81,84,82,90,87
2991,80,88,82,91,86,88
2992,81,80,86,82,81,76
2993,92,93,85,85,93,79
2994,94,85,94,83,79,75
2995,89,84,82,76,91,78
2996,76,92,89,88,95,76
2997,78,79,94,93,88,86
2998,87,87,76,90,77,88
2999,80,87,86,75,82,93
3000,92,78,80,78,92,86
